2025-12-13T16:56:39.823Z CLI info     Config : {"userName":"[REDACTED]","accessKey":"[REDACTED]","projectName":"Playwright Homework","buildName":"HTML Reporters Setup","buildIdentifier":"#${BUILD_NUMBER}","CUSTOM_TAG_1":"You can set a custom Build Tag here","browserstackLocal":true,"debug":false,"networkLogs":false,"consoleLogs":"errors","testReporting":true,"testObservability":true,"browserstackAutomation":false}
2025-12-13T16:56:39.832Z CLI info     Should start debug utility: undefined
2025-12-13T16:56:39.833Z CLI info [testhub:module]  [bohdanhavryliv_akp5dR]   [bc41db51-b0fd-49b0-a2a9-ef6d2c43b1c8]  Starting testhub from 69009:0
2025-12-13T16:56:39.834Z CLI info  [bohdanhavryliv_akp5dR]   [bc41db51-b0fd-49b0-a2a9-ef6d2c43b1c8]  [PRODUCTION] Making POST request to https://sdk.browserstack.com
2025-12-13T16:56:44.194Z CLI info [testhub:module]  [bohdanhavryliv_akp5dR]   [bc41db51-b0fd-49b0-a2a9-ef6d2c43b1c8]  startBuild: response=gkbu9ccvzf63sycwspitc1llyghavigbm40s2nnk
2025-12-13T16:56:44.196Z CLI info  [bohdanhavryliv_akp5dR]  [gkbu9ccvzf63sycwspitc1llyghavigbm40s2nnk]  [bc41db51-b0fd-49b0-a2a9-ef6d2c43b1c8]  [PRODUCTION] Making POST request to https://api.browserstack.com
2025-12-13T16:57:00.642Z CLI info [testhub:request-queue-handler]  [bohdanhavryliv_akp5dR]  [gkbu9ccvzf63sycwspitc1llyghavigbm40s2nnk]  [bc41db51-b0fd-49b0-a2a9-ef6d2c43b1c8]  Added the event {
  event_type: 'TestRunStarted',
  logs: [],
  test_run: {
    type: 'test',
    framework: 'Playwright',
    uuid: '6a481ec0-bbf3-42a6-816c-7829ed698bd5',
    name: 'Main menu items are visible',
    body: {
      lang: 'javascript',
      code: 'async () => {\n' +
        '    (0, _test.expect)(await pageObject.navigationMenu.isProfitsVisible()).toBeTruthy();\n' +
        '    (0, _test.expect)(await pageObject.navigationMenu.isExpensesVisible()).toBeTruthy();\n' +
        '    (0, _test.expect)(await pageObject.navigationMenu.isTaxesVisible()).toBeTruthy();\n' +
        '    (0, _test.expect)(await pageObject.navigationMenu.isReportsVisible()).toBeTruthy();\n' +
        '  }'
    },
    identifier: 'Main menu items are visible',
    scope: 'Main menu items are visible',
    scopes: [ 'FopHELP navigation menu' ],
    custom_metadata: undefined,
    file_name: 'tests/navigation.menu.spec.ts',
    vc_filepath: 'lesson19/tests/navigation.menu.spec.ts',
    location: 'tests/navigation.menu.spec.ts',
    result: 'pending',
    duration_in_ms: null,
    started_at: '2025-12-13T16:57:00.631Z',
    failure: undefined,
    failure_type: undefined,
    failure_reason: null,
    retry_of: null,
    tags: [],
    customRerunParam: {
      rerun_name: ' chromium navigation.menu.spec.ts FopHELP navigation menu Main menu items are visible'
    },
    hooks: [],
    product_map: {
      observability: true,
      accessibility: false,
      percy: false,
      automate: true,
      app_automate: false
    }
  }
} to 69009:0
2025-12-13T16:57:00.643Z CLI info [testhub:request-queue-handler]  [bohdanhavryliv_akp5dR]  [gkbu9ccvzf63sycwspitc1llyghavigbm40s2nnk]  [bc41db51-b0fd-49b0-a2a9-ef6d2c43b1c8]  Added the event {
  event_type: 'HookRunStarted',
  hook_run: {
    type: 'hook',
    hook_type: 'BEFORE_EACH',
    framework: 'Playwright',
    uuid: 'f2f157e2-d869-4c0d-8a64-2ec079a5b212',
    name: 'beforeEach hook',
    result: 'pending',
    test_run_id: '6a481ec0-bbf3-42a6-816c-7829ed698bd5',
    body: { lang: 'node', code: null },
    scope: 'Main menu items are visible',
    custom_metadata: {},
    tags: [],
    scopes: [ 'FopHELP navigation menu' ],
    file_name: '/Users/macbodya/my-first-repo/lesson19/tests/navigation.menu.spec.ts:12',
    location: '/Users/macbodya/my-first-repo/lesson19/tests/navigation.menu.spec.ts:12',
    vc_filepath: '/Users/macbodya/my-first-repo/lesson19/tests/navigation.menu.spec.ts:12',
    started_at: '2025-12-13T16:57:00.634Z'
  }
} to 69009:0
2025-12-13T16:57:00.644Z CLI info [testhub:request-queue-handler]  [bohdanhavryliv_akp5dR]  [gkbu9ccvzf63sycwspitc1llyghavigbm40s2nnk]  [bc41db51-b0fd-49b0-a2a9-ef6d2c43b1c8]  Added the event {
  event_type: 'TestRunStarted',
  logs: [],
  test_run: {
    type: 'test',
    framework: 'Playwright',
    uuid: '26e6e7b4-8461-48d1-ad66-9e4bd4de688c',
    name: 'Header is visible',
    body: {
      lang: 'javascript',
      code: 'async () => {\n' +
        '    (0, _test.expect)(await pageObject.header.isVisible()).toBeTruthy();\n' +
        '  }'
    },
    identifier: 'Header is visible',
    scope: 'Header is visible',
    scopes: [ 'FopHELP header' ],
    custom_metadata: undefined,
    file_name: 'tests/header.spec.ts',
    vc_filepath: 'lesson19/tests/header.spec.ts',
    location: 'tests/header.spec.ts',
    result: 'pending',
    duration_in_ms: null,
    started_at: '2025-12-13T16:57:00.632Z',
    failure: undefined,
    failure_type: undefined,
    failure_reason: null,
    retry_of: null,
    tags: [],
    customRerunParam: {
      rerun_name: ' chromium header.spec.ts FopHELP header Header is visible'
    },
    hooks: [],
    product_map: {
      observability: true,
      accessibility: false,
      percy: false,
      automate: true,
      app_automate: false
    }
  }
} to 69009:0
2025-12-13T16:57:00.644Z CLI info [testhub:request-queue-handler]  [bohdanhavryliv_akp5dR]  [gkbu9ccvzf63sycwspitc1llyghavigbm40s2nnk]  [bc41db51-b0fd-49b0-a2a9-ef6d2c43b1c8]  Added the event {
  event_type: 'HookRunStarted',
  hook_run: {
    type: 'hook',
    hook_type: 'BEFORE_EACH',
    framework: 'Playwright',
    uuid: 'fb25ca0c-a6c8-4397-b78d-c4fa33b2f301',
    name: 'beforeEach hook',
    result: 'pending',
    test_run_id: '26e6e7b4-8461-48d1-ad66-9e4bd4de688c',
    body: { lang: 'node', code: null },
    scope: 'Header is visible',
    custom_metadata: {},
    tags: [],
    scopes: [ 'FopHELP header' ],
    file_name: '/Users/macbodya/my-first-repo/lesson19/tests/header.spec.ts:12',
    location: '/Users/macbodya/my-first-repo/lesson19/tests/header.spec.ts:12',
    vc_filepath: '/Users/macbodya/my-first-repo/lesson19/tests/header.spec.ts:12',
    started_at: '2025-12-13T16:57:00.634Z'
  }
} to 69009:0
2025-12-13T16:57:00.861Z CLI info [sdk:service]  [bohdanhavryliv_akp5dR]  [gkbu9ccvzf63sycwspitc1llyghavigbm40s2nnk]  [bc41db51-b0fd-49b0-a2a9-ef6d2c43b1c8]  Driver initialized as primary driver: platformIndex=1
2025-12-13T16:57:00.863Z CLI info [sdk:service]  [bohdanhavryliv_akp5dR]  [gkbu9ccvzf63sycwspitc1llyghavigbm40s2nnk]  [bc41db51-b0fd-49b0-a2a9-ef6d2c43b1c8]  Driver initialized as primary driver: platformIndex=0
2025-12-13T16:57:00.942Z CLI warn [TEST REPORTING AND ANALYTICS:node]  [bohdanhavryliv_akp5dR]  [gkbu9ccvzf63sycwspitc1llyghavigbm40s2nnk]  [bc41db51-b0fd-49b0-a2a9-ef6d2c43b1c8]  onTestSessionEvent: empty platform for driver=2122ea8d674d7c83c53e89d12c8e6f5ec79619439cd538fdb4a7de43e9d10281 platform={}
2025-12-13T16:57:00.952Z CLI warn [TEST REPORTING AND ANALYTICS:node]  [bohdanhavryliv_akp5dR]  [gkbu9ccvzf63sycwspitc1llyghavigbm40s2nnk]  [bc41db51-b0fd-49b0-a2a9-ef6d2c43b1c8]  onTestSessionEvent: empty platform for driver=ae658ed0f662ed3041f63b4c8e3b752c3c3ec83a8d2ed845ebe1524f6de7538d platform={}
2025-12-13T16:57:01.491Z CLI info [TEST REPORTING AND ANALYTICS:node]  [bohdanhavryliv_akp5dR]  [gkbu9ccvzf63sycwspitc1llyghavigbm40s2nnk]  [bc41db51-b0fd-49b0-a2a9-ef6d2c43b1c8]  onLogCreatedEvent: LogCreated promise={}
2025-12-13T16:57:01.493Z CLI info [testhub:request-queue-handler]  [bohdanhavryliv_akp5dR]  [gkbu9ccvzf63sycwspitc1llyghavigbm40s2nnk]  [bc41db51-b0fd-49b0-a2a9-ef6d2c43b1c8]  Added the event {
  event_type: 'LogCreated',
  logs: [
    {
      testFrameworkName: 'Playwright',
      testFrameworkVersion: '1.57.0',
      testFrameworkState: 'BEFORE_EACH',
      timestamp: '2025-12-13T16:57:00.635Z',
      uuid: 'fb25ca0c-a6c8-4397-b78d-c4fa33b2f301',
      kind: 'TEST_STEP',
      message: 'Fixture "__browserstack_workerHook"',
      level: 'passed',
      fileName: '',
      fileSize: [Long],
      filePath: '',
      attachmentType: '',
      hook_run_uuid: 'fb25ca0c-a6c8-4397-b78d-c4fa33b2f301'
    },
    {
      testFrameworkName: 'Playwright',
      testFrameworkVersion: '1.57.0',
      testFrameworkState: 'BEFORE_EACH',
      timestamp: '2025-12-13T16:57:00.644Z',
      uuid: 'fb25ca0c-a6c8-4397-b78d-c4fa33b2f301',
      kind: 'TEST_STEP',
      message: 'Fixture "__browserstack_testHook"',
      level: 'passed',
      fileName: '',
      fileSize: [Long],
      filePath: '',
      attachmentType: '',
      hook_run_uuid: 'fb25ca0c-a6c8-4397-b78d-c4fa33b2f301'
    },
    {
      testFrameworkName: 'Playwright',
      testFrameworkVersion: '1.57.0',
      testFrameworkState: 'BEFORE_EACH',
      timestamp: '2025-12-13T16:57:00.657Z',
      uuid: 'fb25ca0c-a6c8-4397-b78d-c4fa33b2f301',
      kind: 'TEST_STEP',
      message: 'Launch browser',
      level: 'passed',
      fileName: '',
      fileSize: [Long],
      filePath: '',
      attachmentType: '',
      hook_run_uuid: 'fb25ca0c-a6c8-4397-b78d-c4fa33b2f301'
    },
    {
      testFrameworkName: 'Playwright',
      testFrameworkVersion: '1.57.0',
      testFrameworkState: 'BEFORE_EACH',
      timestamp: '2025-12-13T16:57:00.858Z',
      uuid: 'fb25ca0c-a6c8-4397-b78d-c4fa33b2f301',
      kind: 'TEST_STEP',
      message: 'Fixture "browser"',
      level: 'passed',
      fileName: '',
      fileSize: [Long],
      filePath: '',
      attachmentType: '',
      hook_run_uuid: 'fb25ca0c-a6c8-4397-b78d-c4fa33b2f301'
    },
    {
      testFrameworkName: 'Playwright',
      testFrameworkVersion: '1.57.0',
      testFrameworkState: 'BEFORE_EACH',
      timestamp: '2025-12-13T16:57:00.875Z',
      uuid: 'fb25ca0c-a6c8-4397-b78d-c4fa33b2f301',
      kind: 'TEST_STEP',
      message: 'Create context',
      level: 'passed',
      fileName: '',
      fileSize: [Long],
      filePath: '',
      attachmentType: '',
      hook_run_uuid: 'fb25ca0c-a6c8-4397-b78d-c4fa33b2f301'
    },
    {
      testFrameworkName: 'Playwright',
      testFrameworkVersion: '1.57.0',
      testFrameworkState: 'BEFORE_EACH',
      timestamp: '2025-12-13T16:57:00.882Z',
      uuid: 'fb25ca0c-a6c8-4397-b78d-c4fa33b2f301',
      kind: 'TEST_STEP',
      message: 'Fixture "context"',
      level: 'passed',
      fileName: '',
      fileSize: [Long],
      filePath: '',
      attachmentType: '',
      hook_run_uuid: 'fb25ca0c-a6c8-4397-b78d-c4fa33b2f301'
    },
    {
      testFrameworkName: 'Playwright',
      testFrameworkVersion: '1.57.0',
      testFrameworkState: 'BEFORE_EACH',
      timestamp: '2025-12-13T16:57:00.883Z',
      uuid: 'fb25ca0c-a6c8-4397-b78d-c4fa33b2f301',
      kind: 'TEST_STEP',
      message: 'Create page',
      level: 'passed',
      fileName: '',
      fileSize: [Long],
      filePath: '',
      attachmentType: '',
      hook_run_uuid: 'fb25ca0c-a6c8-4397-b78d-c4fa33b2f301'
    },
    {
      testFrameworkName: 'Playwright',
      testFrameworkVersion: '1.57.0',
      testFrameworkState: 'BEFORE_EACH',
      timestamp: '2025-12-13T16:57:00.945Z',
      uuid: 'fb25ca0c-a6c8-4397-b78d-c4fa33b2f301',
      kind: 'TEST_STEP',
      message: 'Evaluate',
      level: 'passed',
      fileName: '',
      fileSize: [Long],
      filePath: '',
      attachmentType: '',
      hook_run_uuid: 'fb25ca0c-a6c8-4397-b78d-c4fa33b2f301'
    },
    {
      testFrameworkName: 'Playwright',
      testFrameworkVersion: '1.57.0',
      testFrameworkState: 'BEFORE_EACH',
      timestamp: '2025-12-13T16:57:00.949Z',
      uuid: 'fb25ca0c-a6c8-4397-b78d-c4fa33b2f301',
      kind: 'TEST_STEP',
      message: 'Navigate to "/"',
      level: 'passed',
      fileName: '',
      fileSize: [Long],
      filePath: '',
      attachmentType: '',
      hook_run_uuid: 'fb25ca0c-a6c8-4397-b78d-c4fa33b2f301'
    }
  ]
} to 69009:0
2025-12-13T16:57:01.496Z CLI info [testhub:request-queue-handler]  [bohdanhavryliv_akp5dR]  [gkbu9ccvzf63sycwspitc1llyghavigbm40s2nnk]  [bc41db51-b0fd-49b0-a2a9-ef6d2c43b1c8]  Added the event {
  event_type: 'HookRunFinished',
  hook_run: {
    type: 'hook',
    hook_type: 'BEFORE_EACH',
    framework: 'Playwright',
    uuid: 'fb25ca0c-a6c8-4397-b78d-c4fa33b2f301',
    name: 'beforeEach hook',
    result: 'passed',
    test_run_id: '26e6e7b4-8461-48d1-ad66-9e4bd4de688c',
    body: { lang: 'node', code: null },
    scope: 'Header is visible',
    custom_metadata: {},
    tags: [],
    scopes: [ 'FopHELP header' ],
    file_name: '/Users/macbodya/my-first-repo/lesson19/tests/header.spec.ts:12',
    location: '/Users/macbodya/my-first-repo/lesson19/tests/header.spec.ts:12',
    vc_filepath: '/Users/macbodya/my-first-repo/lesson19/tests/header.spec.ts:12',
    started_at: '2025-12-13T16:57:00.634Z',
    finished_at: '2025-12-13T16:57:01.484Z'
  }
} to 69009:0
2025-12-13T16:57:01.501Z CLI info [TEST REPORTING AND ANALYTICS:node]  [bohdanhavryliv_akp5dR]  [gkbu9ccvzf63sycwspitc1llyghavigbm40s2nnk]  [bc41db51-b0fd-49b0-a2a9-ef6d2c43b1c8]  onLogCreatedEvent: LogCreated promise={}
2025-12-13T16:57:01.501Z CLI info [testhub:request-queue-handler]  [bohdanhavryliv_akp5dR]  [gkbu9ccvzf63sycwspitc1llyghavigbm40s2nnk]  [bc41db51-b0fd-49b0-a2a9-ef6d2c43b1c8]  Added the event {
  event_type: 'LogCreated',
  logs: [
    {
      testFrameworkName: 'Playwright',
      testFrameworkVersion: '1.57.0',
      testFrameworkState: 'BEFORE_EACH',
      timestamp: '2025-12-13T16:57:00.635Z',
      uuid: 'f2f157e2-d869-4c0d-8a64-2ec079a5b212',
      kind: 'TEST_STEP',
      message: 'Fixture "__browserstack_workerHook"',
      level: 'passed',
      fileName: '',
      fileSize: [Long],
      filePath: '',
      attachmentType: '',
      hook_run_uuid: 'f2f157e2-d869-4c0d-8a64-2ec079a5b212'
    },
    {
      testFrameworkName: 'Playwright',
      testFrameworkVersion: '1.57.0',
      testFrameworkState: 'BEFORE_EACH',
      timestamp: '2025-12-13T16:57:00.643Z',
      uuid: 'f2f157e2-d869-4c0d-8a64-2ec079a5b212',
      kind: 'TEST_STEP',
      message: 'Fixture "__browserstack_testHook"',
      level: 'passed',
      fileName: '',
      fileSize: [Long],
      filePath: '',
      attachmentType: '',
      hook_run_uuid: 'f2f157e2-d869-4c0d-8a64-2ec079a5b212'
    },
    {
      testFrameworkName: 'Playwright',
      testFrameworkVersion: '1.57.0',
      testFrameworkState: 'BEFORE_EACH',
      timestamp: '2025-12-13T16:57:00.657Z',
      uuid: 'f2f157e2-d869-4c0d-8a64-2ec079a5b212',
      kind: 'TEST_STEP',
      message: 'Launch browser',
      level: 'passed',
      fileName: '',
      fileSize: [Long],
      filePath: '',
      attachmentType: '',
      hook_run_uuid: 'f2f157e2-d869-4c0d-8a64-2ec079a5b212'
    },
    {
      testFrameworkName: 'Playwright',
      testFrameworkVersion: '1.57.0',
      testFrameworkState: 'BEFORE_EACH',
      timestamp: '2025-12-13T16:57:00.858Z',
      uuid: 'f2f157e2-d869-4c0d-8a64-2ec079a5b212',
      kind: 'TEST_STEP',
      message: 'Fixture "browser"',
      level: 'passed',
      fileName: '',
      fileSize: [Long],
      filePath: '',
      attachmentType: '',
      hook_run_uuid: 'f2f157e2-d869-4c0d-8a64-2ec079a5b212'
    },
    {
      testFrameworkName: 'Playwright',
      testFrameworkVersion: '1.57.0',
      testFrameworkState: 'BEFORE_EACH',
      timestamp: '2025-12-13T16:57:00.875Z',
      uuid: 'f2f157e2-d869-4c0d-8a64-2ec079a5b212',
      kind: 'TEST_STEP',
      message: 'Create context',
      level: 'passed',
      fileName: '',
      fileSize: [Long],
      filePath: '',
      attachmentType: '',
      hook_run_uuid: 'f2f157e2-d869-4c0d-8a64-2ec079a5b212'
    },
    {
      testFrameworkName: 'Playwright',
      testFrameworkVersion: '1.57.0',
      testFrameworkState: 'BEFORE_EACH',
      timestamp: '2025-12-13T16:57:00.881Z',
      uuid: 'f2f157e2-d869-4c0d-8a64-2ec079a5b212',
      kind: 'TEST_STEP',
      message: 'Fixture "context"',
      level: 'passed',
      fileName: '',
      fileSize: [Long],
      filePath: '',
      attachmentType: '',
      hook_run_uuid: 'f2f157e2-d869-4c0d-8a64-2ec079a5b212'
    },
    {
      testFrameworkName: 'Playwright',
      testFrameworkVersion: '1.57.0',
      testFrameworkState: 'BEFORE_EACH',
      timestamp: '2025-12-13T16:57:00.883Z',
      uuid: 'f2f157e2-d869-4c0d-8a64-2ec079a5b212',
      kind: 'TEST_STEP',
      message: 'Create page',
      level: 'passed',
      fileName: '',
      fileSize: [Long],
      filePath: '',
      attachmentType: '',
      hook_run_uuid: 'f2f157e2-d869-4c0d-8a64-2ec079a5b212'
    },
    {
      testFrameworkName: 'Playwright',
      testFrameworkVersion: '1.57.0',
      testFrameworkState: 'BEFORE_EACH',
      timestamp: '2025-12-13T16:57:00.954Z',
      uuid: 'f2f157e2-d869-4c0d-8a64-2ec079a5b212',
      kind: 'TEST_STEP',
      message: 'Evaluate',
      level: 'passed',
      fileName: '',
      fileSize: [Long],
      filePath: '',
      attachmentType: '',
      hook_run_uuid: 'f2f157e2-d869-4c0d-8a64-2ec079a5b212'
    },
    {
      testFrameworkName: 'Playwright',
      testFrameworkVersion: '1.57.0',
      testFrameworkState: 'BEFORE_EACH',
      timestamp: '2025-12-13T16:57:00.958Z',
      uuid: 'f2f157e2-d869-4c0d-8a64-2ec079a5b212',
      kind: 'TEST_STEP',
      message: 'Navigate to "/"',
      level: 'passed',
      fileName: '',
      fileSize: [Long],
      filePath: '',
      attachmentType: '',
      hook_run_uuid: 'f2f157e2-d869-4c0d-8a64-2ec079a5b212'
    }
  ]
} to 69009:0
2025-12-13T16:57:01.506Z CLI info [testhub:request-queue-handler]  [bohdanhavryliv_akp5dR]  [gkbu9ccvzf63sycwspitc1llyghavigbm40s2nnk]  [bc41db51-b0fd-49b0-a2a9-ef6d2c43b1c8]  Added the event {
  event_type: 'HookRunFinished',
  hook_run: {
    type: 'hook',
    hook_type: 'BEFORE_EACH',
    framework: 'Playwright',
    uuid: 'f2f157e2-d869-4c0d-8a64-2ec079a5b212',
    name: 'beforeEach hook',
    result: 'passed',
    test_run_id: '6a481ec0-bbf3-42a6-816c-7829ed698bd5',
    body: { lang: 'node', code: null },
    scope: 'Main menu items are visible',
    custom_metadata: {},
    tags: [],
    scopes: [ 'FopHELP navigation menu' ],
    file_name: '/Users/macbodya/my-first-repo/lesson19/tests/navigation.menu.spec.ts:12',
    location: '/Users/macbodya/my-first-repo/lesson19/tests/navigation.menu.spec.ts:12',
    vc_filepath: '/Users/macbodya/my-first-repo/lesson19/tests/navigation.menu.spec.ts:12',
    started_at: '2025-12-13T16:57:00.634Z',
    finished_at: '2025-12-13T16:57:01.497Z'
  }
} to 69009:0
2025-12-13T16:57:01.536Z CLI warn [TEST REPORTING AND ANALYTICS:node]  [bohdanhavryliv_akp5dR]  [gkbu9ccvzf63sycwspitc1llyghavigbm40s2nnk]  [bc41db51-b0fd-49b0-a2a9-ef6d2c43b1c8]  onTestSessionEvent: empty platform for driver=2122ea8d674d7c83c53e89d12c8e6f5ec79619439cd538fdb4a7de43e9d10281 platform={}
2025-12-13T16:57:01.548Z CLI warn [TEST REPORTING AND ANALYTICS:node]  [bohdanhavryliv_akp5dR]  [gkbu9ccvzf63sycwspitc1llyghavigbm40s2nnk]  [bc41db51-b0fd-49b0-a2a9-ef6d2c43b1c8]  onTestSessionEvent: empty platform for driver=ae658ed0f662ed3041f63b4c8e3b752c3c3ec83a8d2ed845ebe1524f6de7538d platform={}
2025-12-13T16:57:01.550Z CLI info [TEST REPORTING AND ANALYTICS:node]  [bohdanhavryliv_akp5dR]  [gkbu9ccvzf63sycwspitc1llyghavigbm40s2nnk]  [bc41db51-b0fd-49b0-a2a9-ef6d2c43b1c8]  onLogCreatedEvent: LogCreated promise={}
2025-12-13T16:57:01.550Z CLI info [testhub:request-queue-handler]  [bohdanhavryliv_akp5dR]  [gkbu9ccvzf63sycwspitc1llyghavigbm40s2nnk]  [bc41db51-b0fd-49b0-a2a9-ef6d2c43b1c8]  Added the event {
  event_type: 'LogCreated',
  logs: [
    {
      testFrameworkName: 'Playwright',
      testFrameworkVersion: '1.57.0',
      testFrameworkState: 'TEST',
      timestamp: '2025-12-13T16:57:01.526Z',
      uuid: '26e6e7b4-8461-48d1-ad66-9e4bd4de688c',
      kind: 'TEST_STEP',
      message: 'Expect "toBeTruthy"',
      level: 'passed',
      fileName: '',
      fileSize: [Long],
      filePath: '',
      attachmentType: '',
      test_run_uuid: '26e6e7b4-8461-48d1-ad66-9e4bd4de688c'
    }
  ]
} to 69009:0
2025-12-13T16:57:01.554Z CLI info [testhub:request-queue-handler]  [bohdanhavryliv_akp5dR]  [gkbu9ccvzf63sycwspitc1llyghavigbm40s2nnk]  [bc41db51-b0fd-49b0-a2a9-ef6d2c43b1c8]  Added the event {
  event_type: 'TestRunStarted',
  logs: [],
  test_run: {
    type: 'test',
    framework: 'Playwright',
    uuid: '29f2a77d-d723-4c5a-a72e-8452f5d2c524',
    name: 'Title is correct',
    body: {
      lang: 'javascript',
      code: 'async () => {\n' +
        '    const text = await pageObject.header.getTitleText();\n' +
        "    (0, _test.expect)(text === null || text === void 0 ? void 0 : text.trim()).toBe('Ласкаво просимо до FOP Help');\n" +
        '  }'
    },
    identifier: 'Title is correct',
    scope: 'Title is correct',
    scopes: [ 'FopHELP header' ],
    custom_metadata: undefined,
    file_name: 'tests/header.spec.ts',
    vc_filepath: 'lesson19/tests/header.spec.ts',
    location: 'tests/header.spec.ts',
    result: 'pending',
    duration_in_ms: null,
    started_at: '2025-12-13T16:57:01.544Z',
    failure: undefined,
    failure_type: undefined,
    failure_reason: null,
    retry_of: null,
    tags: [],
    customRerunParam: {
      rerun_name: ' chromium header.spec.ts FopHELP header Title is correct'
    },
    hooks: [],
    product_map: {
      observability: true,
      accessibility: false,
      percy: false,
      automate: true,
      app_automate: false
    }
  }
} to 69009:0
2025-12-13T16:57:01.556Z CLI info [testhub:request-queue-handler]  [bohdanhavryliv_akp5dR]  [gkbu9ccvzf63sycwspitc1llyghavigbm40s2nnk]  [bc41db51-b0fd-49b0-a2a9-ef6d2c43b1c8]  Added the event {
  event_type: 'TestRunFinished',
  logs: [],
  test_run: {
    type: 'test',
    framework: 'Playwright',
    uuid: '26e6e7b4-8461-48d1-ad66-9e4bd4de688c',
    name: 'Header is visible',
    body: {
      lang: 'javascript',
      code: 'async () => {\n' +
        '    (0, _test.expect)(await pageObject.header.isVisible()).toBeTruthy();\n' +
        '  }'
    },
    identifier: 'Header is visible',
    scope: 'Header is visible',
    scopes: [ 'FopHELP header' ],
    custom_metadata: {},
    file_name: 'tests/header.spec.ts',
    vc_filepath: 'lesson19/tests/header.spec.ts',
    location: 'tests/header.spec.ts',
    result: 'passed',
    duration_in_ms: 672,
    started_at: '2025-12-13T16:57:00.632Z',
    finished_at: '2025-12-13T16:57:01.304Z',
    failure: null,
    failure_type: undefined,
    failure_reason: null,
    retry_of: null,
    tags: [],
    customRerunParam: {
      rerun_name: ' chromium header.spec.ts FopHELP header Header is visible'
    },
    hooks: [ 'fb25ca0c-a6c8-4397-b78d-c4fa33b2f301' ],
    product_map: {
      observability: true,
      accessibility: false,
      percy: false,
      automate: true,
      app_automate: false
    }
  }
} to 69009:0
2025-12-13T16:57:01.558Z CLI info [testhub:request-queue-handler]  [bohdanhavryliv_akp5dR]  [gkbu9ccvzf63sycwspitc1llyghavigbm40s2nnk]  [bc41db51-b0fd-49b0-a2a9-ef6d2c43b1c8]  Added the event {
  event_type: 'HookRunStarted',
  hook_run: {
    type: 'hook',
    hook_type: 'BEFORE_EACH',
    framework: 'Playwright',
    uuid: 'ad7751f9-c5e4-47e9-ad6d-a3805cbd5133',
    name: 'beforeEach hook',
    result: 'pending',
    test_run_id: '29f2a77d-d723-4c5a-a72e-8452f5d2c524',
    body: { lang: 'node', code: null },
    scope: 'Title is correct',
    custom_metadata: {},
    tags: [],
    scopes: [ 'FopHELP header' ],
    file_name: '/Users/macbodya/my-first-repo/lesson19/tests/header.spec.ts:16',
    location: '/Users/macbodya/my-first-repo/lesson19/tests/header.spec.ts:16',
    vc_filepath: '/Users/macbodya/my-first-repo/lesson19/tests/header.spec.ts:16',
    started_at: '2025-12-13T16:57:01.554Z'
  }
} to 69009:0
2025-12-13T16:57:01.566Z CLI info [testhub:request-queue-handler]  [bohdanhavryliv_akp5dR]  [gkbu9ccvzf63sycwspitc1llyghavigbm40s2nnk]  [bc41db51-b0fd-49b0-a2a9-ef6d2c43b1c8]  Added the event {
  event_type: 'TestRunStarted',
  logs: [],
  test_run: {
    type: 'test',
    framework: 'Playwright',
    uuid: 'ded8a310-a969-414a-886e-327dea2ded20',
    name: 'Taxes dropdown has correct options',
    body: {
      lang: 'javascript',
      code: 'async () => {\n' +
        '    await pageObject.navigationMenu.openTaxesDropdown();\n' +
        '    const options = await pageObject.navigationMenu.getTaxesOptionsText();\n' +
        "    (0, _test.expect)(options).toEqual(['Усі', 'Несплачені', 'Сплачені']);\n" +
        '  }'
    },
    identifier: 'Taxes dropdown has correct options',
    scope: 'Taxes dropdown has correct options',
    scopes: [ 'FopHELP navigation menu' ],
    custom_metadata: undefined,
    file_name: 'tests/navigation.menu.spec.ts',
    vc_filepath: 'lesson19/tests/navigation.menu.spec.ts',
    location: 'tests/navigation.menu.spec.ts',
    result: 'pending',
    duration_in_ms: null,
    started_at: '2025-12-13T16:57:01.556Z',
    failure: undefined,
    failure_type: undefined,
    failure_reason: null,
    retry_of: null,
    tags: [],
    customRerunParam: {
      rerun_name: ' chromium navigation.menu.spec.ts FopHELP navigation menu Taxes dropdown has correct options'
    },
    hooks: [],
    product_map: {
      observability: true,
      accessibility: false,
      percy: false,
      automate: true,
      app_automate: false
    }
  }
} to 69009:0
2025-12-13T16:57:01.567Z CLI info [TEST REPORTING AND ANALYTICS:node]  [bohdanhavryliv_akp5dR]  [gkbu9ccvzf63sycwspitc1llyghavigbm40s2nnk]  [bc41db51-b0fd-49b0-a2a9-ef6d2c43b1c8]  onLogCreatedEvent: LogCreated promise={}
2025-12-13T16:57:01.567Z CLI info [testhub:request-queue-handler]  [bohdanhavryliv_akp5dR]  [gkbu9ccvzf63sycwspitc1llyghavigbm40s2nnk]  [bc41db51-b0fd-49b0-a2a9-ef6d2c43b1c8]  Added the event {
  event_type: 'LogCreated',
  logs: [
    {
      testFrameworkName: 'Playwright',
      testFrameworkVersion: '1.57.0',
      testFrameworkState: 'TEST',
      timestamp: '2025-12-13T16:57:01.532Z',
      uuid: '6a481ec0-bbf3-42a6-816c-7829ed698bd5',
      kind: 'TEST_STEP',
      message: 'Expect "toBeTruthy"',
      level: 'passed',
      fileName: '',
      fileSize: [Long],
      filePath: '',
      attachmentType: '',
      test_run_uuid: '6a481ec0-bbf3-42a6-816c-7829ed698bd5'
    },
    {
      testFrameworkName: 'Playwright',
      testFrameworkVersion: '1.57.0',
      testFrameworkState: 'TEST',
      timestamp: '2025-12-13T16:57:01.535Z',
      uuid: '6a481ec0-bbf3-42a6-816c-7829ed698bd5',
      kind: 'TEST_STEP',
      message: 'Expect "toBeTruthy"',
      level: 'passed',
      fileName: '',
      fileSize: [Long],
      filePath: '',
      attachmentType: '',
      test_run_uuid: '6a481ec0-bbf3-42a6-816c-7829ed698bd5'
    },
    {
      testFrameworkName: 'Playwright',
      testFrameworkVersion: '1.57.0',
      testFrameworkState: 'TEST',
      timestamp: '2025-12-13T16:57:01.538Z',
      uuid: '6a481ec0-bbf3-42a6-816c-7829ed698bd5',
      kind: 'TEST_STEP',
      message: 'Expect "toBeTruthy"',
      level: 'passed',
      fileName: '',
      fileSize: [Long],
      filePath: '',
      attachmentType: '',
      test_run_uuid: '6a481ec0-bbf3-42a6-816c-7829ed698bd5'
    },
    {
      testFrameworkName: 'Playwright',
      testFrameworkVersion: '1.57.0',
      testFrameworkState: 'TEST',
      timestamp: '2025-12-13T16:57:01.540Z',
      uuid: '6a481ec0-bbf3-42a6-816c-7829ed698bd5',
      kind: 'TEST_STEP',
      message: 'Expect "toBeTruthy"',
      level: 'passed',
      fileName: '',
      fileSize: [Long],
      filePath: '',
      attachmentType: '',
      test_run_uuid: '6a481ec0-bbf3-42a6-816c-7829ed698bd5'
    }
  ]
} to 69009:0
2025-12-13T16:57:01.569Z CLI info [testhub:request-queue-handler]  [bohdanhavryliv_akp5dR]  [gkbu9ccvzf63sycwspitc1llyghavigbm40s2nnk]  [bc41db51-b0fd-49b0-a2a9-ef6d2c43b1c8]  Added the event {
  event_type: 'TestRunFinished',
  logs: [],
  test_run: {
    type: 'test',
    framework: 'Playwright',
    uuid: '6a481ec0-bbf3-42a6-816c-7829ed698bd5',
    name: 'Main menu items are visible',
    body: {
      lang: 'javascript',
      code: 'async () => {\n' +
        '    (0, _test.expect)(await pageObject.navigationMenu.isProfitsVisible()).toBeTruthy();\n' +
        '    (0, _test.expect)(await pageObject.navigationMenu.isExpensesVisible()).toBeTruthy();\n' +
        '    (0, _test.expect)(await pageObject.navigationMenu.isTaxesVisible()).toBeTruthy();\n' +
        '    (0, _test.expect)(await pageObject.navigationMenu.isReportsVisible()).toBeTruthy();\n' +
        '  }'
    },
    identifier: 'Main menu items are visible',
    scope: 'Main menu items are visible',
    scopes: [ 'FopHELP navigation menu' ],
    custom_metadata: {},
    file_name: 'tests/navigation.menu.spec.ts',
    vc_filepath: 'lesson19/tests/navigation.menu.spec.ts',
    location: 'tests/navigation.menu.spec.ts',
    result: 'passed',
    duration_in_ms: 684,
    started_at: '2025-12-13T16:57:00.631Z',
    finished_at: '2025-12-13T16:57:01.315Z',
    failure: null,
    failure_type: undefined,
    failure_reason: null,
    retry_of: null,
    tags: [],
    customRerunParam: {
      rerun_name: ' chromium navigation.menu.spec.ts FopHELP navigation menu Main menu items are visible'
    },
    hooks: [ 'f2f157e2-d869-4c0d-8a64-2ec079a5b212' ],
    product_map: {
      observability: true,
      accessibility: false,
      percy: false,
      automate: true,
      app_automate: false
    }
  }
} to 69009:0
2025-12-13T16:57:01.570Z CLI info [testhub:request-queue-handler]  [bohdanhavryliv_akp5dR]  [gkbu9ccvzf63sycwspitc1llyghavigbm40s2nnk]  [bc41db51-b0fd-49b0-a2a9-ef6d2c43b1c8]  Added the event {
  event_type: 'HookRunStarted',
  hook_run: {
    type: 'hook',
    hook_type: 'BEFORE_EACH',
    framework: 'Playwright',
    uuid: 'd5425345-0c64-4abf-a974-e4336b8a2261',
    name: 'beforeEach hook',
    result: 'pending',
    test_run_id: 'ded8a310-a969-414a-886e-327dea2ded20',
    body: { lang: 'node', code: null },
    scope: 'Taxes dropdown has correct options',
    custom_metadata: {},
    tags: [],
    scopes: [ 'FopHELP navigation menu' ],
    file_name: '/Users/macbodya/my-first-repo/lesson19/tests/navigation.menu.spec.ts:19',
    location: '/Users/macbodya/my-first-repo/lesson19/tests/navigation.menu.spec.ts:19',
    vc_filepath: '/Users/macbodya/my-first-repo/lesson19/tests/navigation.menu.spec.ts:19',
    started_at: '2025-12-13T16:57:01.568Z'
  }
} to 69009:0
2025-12-13T16:57:01.615Z CLI warn [TEST REPORTING AND ANALYTICS:node]  [bohdanhavryliv_akp5dR]  [gkbu9ccvzf63sycwspitc1llyghavigbm40s2nnk]  [bc41db51-b0fd-49b0-a2a9-ef6d2c43b1c8]  onTestSessionEvent: empty platform for driver=2122ea8d674d7c83c53e89d12c8e6f5ec79619439cd538fdb4a7de43e9d10281 platform={}
2025-12-13T16:57:01.629Z CLI warn [TEST REPORTING AND ANALYTICS:node]  [bohdanhavryliv_akp5dR]  [gkbu9ccvzf63sycwspitc1llyghavigbm40s2nnk]  [bc41db51-b0fd-49b0-a2a9-ef6d2c43b1c8]  onTestSessionEvent: empty platform for driver=ae658ed0f662ed3041f63b4c8e3b752c3c3ec83a8d2ed845ebe1524f6de7538d platform={}
2025-12-13T16:57:02.116Z CLI info [TEST REPORTING AND ANALYTICS:node]  [bohdanhavryliv_akp5dR]  [gkbu9ccvzf63sycwspitc1llyghavigbm40s2nnk]  [bc41db51-b0fd-49b0-a2a9-ef6d2c43b1c8]  onLogCreatedEvent: LogCreated promise={}
2025-12-13T16:57:02.116Z CLI info [testhub:request-queue-handler]  [bohdanhavryliv_akp5dR]  [gkbu9ccvzf63sycwspitc1llyghavigbm40s2nnk]  [bc41db51-b0fd-49b0-a2a9-ef6d2c43b1c8]  Added the event {
  event_type: 'LogCreated',
  logs: [
    {
      testFrameworkName: 'Playwright',
      testFrameworkVersion: '1.57.0',
      testFrameworkState: 'BEFORE_EACH',
      timestamp: '2025-12-13T16:57:01.557Z',
      uuid: 'ad7751f9-c5e4-47e9-ad6d-a3805cbd5133',
      kind: 'TEST_STEP',
      message: 'Fixture "__browserstack_testHook"',
      level: 'passed',
      fileName: '',
      fileSize: [Long],
      filePath: '',
      attachmentType: '',
      hook_run_uuid: 'ad7751f9-c5e4-47e9-ad6d-a3805cbd5133'
    },
    {
      testFrameworkName: 'Playwright',
      testFrameworkVersion: '1.57.0',
      testFrameworkState: 'BEFORE_EACH',
      timestamp: '2025-12-13T16:57:01.558Z',
      uuid: 'ad7751f9-c5e4-47e9-ad6d-a3805cbd5133',
      kind: 'TEST_STEP',
      message: 'Create context',
      level: 'passed',
      fileName: '',
      fileSize: [Long],
      filePath: '',
      attachmentType: '',
      hook_run_uuid: 'ad7751f9-c5e4-47e9-ad6d-a3805cbd5133'
    },
    {
      testFrameworkName: 'Playwright',
      testFrameworkVersion: '1.57.0',
      testFrameworkState: 'BEFORE_EACH',
      timestamp: '2025-12-13T16:57:01.563Z',
      uuid: 'ad7751f9-c5e4-47e9-ad6d-a3805cbd5133',
      kind: 'TEST_STEP',
      message: 'Fixture "context"',
      level: 'passed',
      fileName: '',
      fileSize: [Long],
      filePath: '',
      attachmentType: '',
      hook_run_uuid: 'ad7751f9-c5e4-47e9-ad6d-a3805cbd5133'
    },
    {
      testFrameworkName: 'Playwright',
      testFrameworkVersion: '1.57.0',
      testFrameworkState: 'BEFORE_EACH',
      timestamp: '2025-12-13T16:57:01.564Z',
      uuid: 'ad7751f9-c5e4-47e9-ad6d-a3805cbd5133',
      kind: 'TEST_STEP',
      message: 'Create page',
      level: 'passed',
      fileName: '',
      fileSize: [Long],
      filePath: '',
      attachmentType: '',
      hook_run_uuid: 'ad7751f9-c5e4-47e9-ad6d-a3805cbd5133'
    },
    {
      testFrameworkName: 'Playwright',
      testFrameworkVersion: '1.57.0',
      testFrameworkState: 'BEFORE_EACH',
      timestamp: '2025-12-13T16:57:01.616Z',
      uuid: 'ad7751f9-c5e4-47e9-ad6d-a3805cbd5133',
      kind: 'TEST_STEP',
      message: 'Evaluate',
      level: 'passed',
      fileName: '',
      fileSize: [Long],
      filePath: '',
      attachmentType: '',
      hook_run_uuid: 'ad7751f9-c5e4-47e9-ad6d-a3805cbd5133'
    },
    {
      testFrameworkName: 'Playwright',
      testFrameworkVersion: '1.57.0',
      testFrameworkState: 'BEFORE_EACH',
      timestamp: '2025-12-13T16:57:01.618Z',
      uuid: 'ad7751f9-c5e4-47e9-ad6d-a3805cbd5133',
      kind: 'TEST_STEP',
      message: 'Navigate to "/"',
      level: 'passed',
      fileName: '',
      fileSize: [Long],
      filePath: '',
      attachmentType: '',
      hook_run_uuid: 'ad7751f9-c5e4-47e9-ad6d-a3805cbd5133'
    }
  ]
} to 69009:0
2025-12-13T16:57:02.118Z CLI info [testhub:request-queue-handler]  [bohdanhavryliv_akp5dR]  [gkbu9ccvzf63sycwspitc1llyghavigbm40s2nnk]  [bc41db51-b0fd-49b0-a2a9-ef6d2c43b1c8]  Added the event {
  event_type: 'HookRunFinished',
  hook_run: {
    type: 'hook',
    hook_type: 'BEFORE_EACH',
    framework: 'Playwright',
    uuid: 'ad7751f9-c5e4-47e9-ad6d-a3805cbd5133',
    name: 'beforeEach hook',
    result: 'passed',
    test_run_id: '29f2a77d-d723-4c5a-a72e-8452f5d2c524',
    body: { lang: 'node', code: null },
    scope: 'Title is correct',
    custom_metadata: {},
    tags: [],
    scopes: [ 'FopHELP header' ],
    file_name: '/Users/macbodya/my-first-repo/lesson19/tests/header.spec.ts:16',
    location: '/Users/macbodya/my-first-repo/lesson19/tests/header.spec.ts:16',
    vc_filepath: '/Users/macbodya/my-first-repo/lesson19/tests/header.spec.ts:16',
    started_at: '2025-12-13T16:57:01.554Z',
    finished_at: '2025-12-13T16:57:02.113Z'
  }
} to 69009:0
2025-12-13T16:57:02.141Z CLI info [TEST REPORTING AND ANALYTICS:node]  [bohdanhavryliv_akp5dR]  [gkbu9ccvzf63sycwspitc1llyghavigbm40s2nnk]  [bc41db51-b0fd-49b0-a2a9-ef6d2c43b1c8]  onLogCreatedEvent: LogCreated promise={}
2025-12-13T16:57:02.141Z CLI info [testhub:request-queue-handler]  [bohdanhavryliv_akp5dR]  [gkbu9ccvzf63sycwspitc1llyghavigbm40s2nnk]  [bc41db51-b0fd-49b0-a2a9-ef6d2c43b1c8]  Added the event {
  event_type: 'LogCreated',
  logs: [
    {
      testFrameworkName: 'Playwright',
      testFrameworkVersion: '1.57.0',
      testFrameworkState: 'BEFORE_EACH',
      timestamp: '2025-12-13T16:57:01.571Z',
      uuid: 'd5425345-0c64-4abf-a974-e4336b8a2261',
      kind: 'TEST_STEP',
      message: 'Fixture "__browserstack_testHook"',
      level: 'passed',
      fileName: '',
      fileSize: [Long],
      filePath: '',
      attachmentType: '',
      hook_run_uuid: 'd5425345-0c64-4abf-a974-e4336b8a2261'
    },
    {
      testFrameworkName: 'Playwright',
      testFrameworkVersion: '1.57.0',
      testFrameworkState: 'BEFORE_EACH',
      timestamp: '2025-12-13T16:57:01.571Z',
      uuid: 'd5425345-0c64-4abf-a974-e4336b8a2261',
      kind: 'TEST_STEP',
      message: 'Create context',
      level: 'passed',
      fileName: '',
      fileSize: [Long],
      filePath: '',
      attachmentType: '',
      hook_run_uuid: 'd5425345-0c64-4abf-a974-e4336b8a2261'
    },
    {
      testFrameworkName: 'Playwright',
      testFrameworkVersion: '1.57.0',
      testFrameworkState: 'BEFORE_EACH',
      timestamp: '2025-12-13T16:57:01.573Z',
      uuid: 'd5425345-0c64-4abf-a974-e4336b8a2261',
      kind: 'TEST_STEP',
      message: 'Fixture "context"',
      level: 'passed',
      fileName: '',
      fileSize: [Long],
      filePath: '',
      attachmentType: '',
      hook_run_uuid: 'd5425345-0c64-4abf-a974-e4336b8a2261'
    },
    {
      testFrameworkName: 'Playwright',
      testFrameworkVersion: '1.57.0',
      testFrameworkState: 'BEFORE_EACH',
      timestamp: '2025-12-13T16:57:01.574Z',
      uuid: 'd5425345-0c64-4abf-a974-e4336b8a2261',
      kind: 'TEST_STEP',
      message: 'Create page',
      level: 'passed',
      fileName: '',
      fileSize: [Long],
      filePath: '',
      attachmentType: '',
      hook_run_uuid: 'd5425345-0c64-4abf-a974-e4336b8a2261'
    },
    {
      testFrameworkName: 'Playwright',
      testFrameworkVersion: '1.57.0',
      testFrameworkState: 'BEFORE_EACH',
      timestamp: '2025-12-13T16:57:01.630Z',
      uuid: 'd5425345-0c64-4abf-a974-e4336b8a2261',
      kind: 'TEST_STEP',
      message: 'Evaluate',
      level: 'passed',
      fileName: '',
      fileSize: [Long],
      filePath: '',
      attachmentType: '',
      hook_run_uuid: 'd5425345-0c64-4abf-a974-e4336b8a2261'
    },
    {
      testFrameworkName: 'Playwright',
      testFrameworkVersion: '1.57.0',
      testFrameworkState: 'BEFORE_EACH',
      timestamp: '2025-12-13T16:57:01.632Z',
      uuid: 'd5425345-0c64-4abf-a974-e4336b8a2261',
      kind: 'TEST_STEP',
      message: 'Navigate to "/"',
      level: 'passed',
      fileName: '',
      fileSize: [Long],
      filePath: '',
      attachmentType: '',
      hook_run_uuid: 'd5425345-0c64-4abf-a974-e4336b8a2261'
    }
  ]
} to 69009:0
2025-12-13T16:57:02.142Z CLI info [testhub:request-queue-handler]  [bohdanhavryliv_akp5dR]  [gkbu9ccvzf63sycwspitc1llyghavigbm40s2nnk]  [bc41db51-b0fd-49b0-a2a9-ef6d2c43b1c8]  Added the event {
  event_type: 'HookRunFinished',
  hook_run: {
    type: 'hook',
    hook_type: 'BEFORE_EACH',
    framework: 'Playwright',
    uuid: 'd5425345-0c64-4abf-a974-e4336b8a2261',
    name: 'beforeEach hook',
    result: 'passed',
    test_run_id: 'ded8a310-a969-414a-886e-327dea2ded20',
    body: { lang: 'node', code: null },
    scope: 'Taxes dropdown has correct options',
    custom_metadata: {},
    tags: [],
    scopes: [ 'FopHELP navigation menu' ],
    file_name: '/Users/macbodya/my-first-repo/lesson19/tests/navigation.menu.spec.ts:19',
    location: '/Users/macbodya/my-first-repo/lesson19/tests/navigation.menu.spec.ts:19',
    vc_filepath: '/Users/macbodya/my-first-repo/lesson19/tests/navigation.menu.spec.ts:19',
    started_at: '2025-12-13T16:57:01.568Z',
    finished_at: '2025-12-13T16:57:02.138Z'
  }
} to 69009:0
2025-12-13T16:57:02.171Z CLI warn [TEST REPORTING AND ANALYTICS:node]  [bohdanhavryliv_akp5dR]  [gkbu9ccvzf63sycwspitc1llyghavigbm40s2nnk]  [bc41db51-b0fd-49b0-a2a9-ef6d2c43b1c8]  onTestSessionEvent: empty platform for driver=2122ea8d674d7c83c53e89d12c8e6f5ec79619439cd538fdb4a7de43e9d10281 platform={}
2025-12-13T16:57:02.203Z CLI info [testhub:request-queue-handler]  [bohdanhavryliv_akp5dR]  [gkbu9ccvzf63sycwspitc1llyghavigbm40s2nnk]  [bc41db51-b0fd-49b0-a2a9-ef6d2c43b1c8]  Processing batch event [
  {
    event_type: 'TestRunStarted',
    logs: [],
    test_run: {
      type: 'test',
      framework: 'Playwright',
      uuid: '6a481ec0-bbf3-42a6-816c-7829ed698bd5',
      name: 'Main menu items are visible',
      body: [Object],
      identifier: 'Main menu items are visible',
      scope: 'Main menu items are visible',
      scopes: [Array],
      custom_metadata: undefined,
      file_name: 'tests/navigation.menu.spec.ts',
      vc_filepath: 'lesson19/tests/navigation.menu.spec.ts',
      location: 'tests/navigation.menu.spec.ts',
      result: 'pending',
      duration_in_ms: null,
      started_at: '2025-12-13T16:57:00.631Z',
      failure: undefined,
      failure_type: undefined,
      failure_reason: null,
      retry_of: null,
      tags: [],
      customRerunParam: [Object],
      hooks: [],
      product_map: [Object]
    }
  },
  {
    event_type: 'HookRunStarted',
    hook_run: {
      type: 'hook',
      hook_type: 'BEFORE_EACH',
      framework: 'Playwright',
      uuid: 'f2f157e2-d869-4c0d-8a64-2ec079a5b212',
      name: 'beforeEach hook',
      result: 'pending',
      test_run_id: '6a481ec0-bbf3-42a6-816c-7829ed698bd5',
      body: [Object],
      scope: 'Main menu items are visible',
      custom_metadata: {},
      tags: [],
      scopes: [Array],
      file_name: '/Users/macbodya/my-first-repo/lesson19/tests/navigation.menu.spec.ts:12',
      location: '/Users/macbodya/my-first-repo/lesson19/tests/navigation.menu.spec.ts:12',
      vc_filepath: '/Users/macbodya/my-first-repo/lesson19/tests/navigation.menu.spec.ts:12',
      started_at: '2025-12-13T16:57:00.634Z'
    }
  },
  {
    event_type: 'TestRunStarted',
    logs: [],
    test_run: {
      type: 'test',
      framework: 'Playwright',
      uuid: '26e6e7b4-8461-48d1-ad66-9e4bd4de688c',
      name: 'Header is visible',
      body: [Object],
      identifier: 'Header is visible',
      scope: 'Header is visible',
      scopes: [Array],
      custom_metadata: undefined,
      file_name: 'tests/header.spec.ts',
      vc_filepath: 'lesson19/tests/header.spec.ts',
      location: 'tests/header.spec.ts',
      result: 'pending',
      duration_in_ms: null,
      started_at: '2025-12-13T16:57:00.632Z',
      failure: undefined,
      failure_type: undefined,
      failure_reason: null,
      retry_of: null,
      tags: [],
      customRerunParam: [Object],
      hooks: [],
      product_map: [Object]
    }
  },
  {
    event_type: 'HookRunStarted',
    hook_run: {
      type: 'hook',
      hook_type: 'BEFORE_EACH',
      framework: 'Playwright',
      uuid: 'fb25ca0c-a6c8-4397-b78d-c4fa33b2f301',
      name: 'beforeEach hook',
      result: 'pending',
      test_run_id: '26e6e7b4-8461-48d1-ad66-9e4bd4de688c',
      body: [Object],
      scope: 'Header is visible',
      custom_metadata: {},
      tags: [],
      scopes: [Array],
      file_name: '/Users/macbodya/my-first-repo/lesson19/tests/header.spec.ts:12',
      location: '/Users/macbodya/my-first-repo/lesson19/tests/header.spec.ts:12',
      vc_filepath: '/Users/macbodya/my-first-repo/lesson19/tests/header.spec.ts:12',
      started_at: '2025-12-13T16:57:00.634Z'
    }
  },
  {
    event_type: 'LogCreated',
    logs: [
      [Object], [Object],
      [Object], [Object],
      [Object], [Object],
      [Object], [Object],
      [Object]
    ]
  },
  {
    event_type: 'HookRunFinished',
    hook_run: {
      type: 'hook',
      hook_type: 'BEFORE_EACH',
      framework: 'Playwright',
      uuid: 'fb25ca0c-a6c8-4397-b78d-c4fa33b2f301',
      name: 'beforeEach hook',
      result: 'passed',
      test_run_id: '26e6e7b4-8461-48d1-ad66-9e4bd4de688c',
      body: [Object],
      scope: 'Header is visible',
      custom_metadata: {},
      tags: [],
      scopes: [Array],
      file_name: '/Users/macbodya/my-first-repo/lesson19/tests/header.spec.ts:12',
      location: '/Users/macbodya/my-first-repo/lesson19/tests/header.spec.ts:12',
      vc_filepath: '/Users/macbodya/my-first-repo/lesson19/tests/header.spec.ts:12',
      started_at: '2025-12-13T16:57:00.634Z',
      finished_at: '2025-12-13T16:57:01.484Z'
    }
  },
  {
    event_type: 'LogCreated',
    logs: [
      [Object], [Object],
      [Object], [Object],
      [Object], [Object],
      [Object], [Object],
      [Object]
    ]
  },
  {
    event_type: 'HookRunFinished',
    hook_run: {
      type: 'hook',
      hook_type: 'BEFORE_EACH',
      framework: 'Playwright',
      uuid: 'f2f157e2-d869-4c0d-8a64-2ec079a5b212',
      name: 'beforeEach hook',
      result: 'passed',
      test_run_id: '6a481ec0-bbf3-42a6-816c-7829ed698bd5',
      body: [Object],
      scope: 'Main menu items are visible',
      custom_metadata: {},
      tags: [],
      scopes: [Array],
      file_name: '/Users/macbodya/my-first-repo/lesson19/tests/navigation.menu.spec.ts:12',
      location: '/Users/macbodya/my-first-repo/lesson19/tests/navigation.menu.spec.ts:12',
      vc_filepath: '/Users/macbodya/my-first-repo/lesson19/tests/navigation.menu.spec.ts:12',
      started_at: '2025-12-13T16:57:00.634Z',
      finished_at: '2025-12-13T16:57:01.497Z'
    }
  },
  { event_type: 'LogCreated', logs: [ [Object] ] },
  {
    event_type: 'TestRunStarted',
    logs: [],
    test_run: {
      type: 'test',
      framework: 'Playwright',
      uuid: '29f2a77d-d723-4c5a-a72e-8452f5d2c524',
      name: 'Title is correct',
      body: [Object],
      identifier: 'Title is correct',
      scope: 'Title is correct',
      scopes: [Array],
      custom_metadata: undefined,
      file_name: 'tests/header.spec.ts',
      vc_filepath: 'lesson19/tests/header.spec.ts',
      location: 'tests/header.spec.ts',
      result: 'pending',
      duration_in_ms: null,
      started_at: '2025-12-13T16:57:01.544Z',
      failure: undefined,
      failure_type: undefined,
      failure_reason: null,
      retry_of: null,
      tags: [],
      customRerunParam: [Object],
      hooks: [],
      product_map: [Object]
    }
  },
  {
    event_type: 'TestRunFinished',
    logs: [],
    test_run: {
      type: 'test',
      framework: 'Playwright',
      uuid: '26e6e7b4-8461-48d1-ad66-9e4bd4de688c',
      name: 'Header is visible',
      body: [Object],
      identifier: 'Header is visible',
      scope: 'Header is visible',
      scopes: [Array],
      custom_metadata: {},
      file_name: 'tests/header.spec.ts',
      vc_filepath: 'lesson19/tests/header.spec.ts',
      location: 'tests/header.spec.ts',
      result: 'passed',
      duration_in_ms: 672,
      started_at: '2025-12-13T16:57:00.632Z',
      finished_at: '2025-12-13T16:57:01.304Z',
      failure: null,
      failure_type: undefined,
      failure_reason: null,
      retry_of: null,
      tags: [],
      customRerunParam: [Object],
      hooks: [Array],
      product_map: [Object]
    }
  },
  {
    event_type: 'HookRunStarted',
    hook_run: {
      type: 'hook',
      hook_type: 'BEFORE_EACH',
      framework: 'Playwright',
      uuid: 'ad7751f9-c5e4-47e9-ad6d-a3805cbd5133',
      name: 'beforeEach hook',
      result: 'pending',
      test_run_id: '29f2a77d-d723-4c5a-a72e-8452f5d2c524',
      body: [Object],
      scope: 'Title is correct',
      custom_metadata: {},
      tags: [],
      scopes: [Array],
      file_name: '/Users/macbodya/my-first-repo/lesson19/tests/header.spec.ts:16',
      location: '/Users/macbodya/my-first-repo/lesson19/tests/header.spec.ts:16',
      vc_filepath: '/Users/macbodya/my-first-repo/lesson19/tests/header.spec.ts:16',
      started_at: '2025-12-13T16:57:01.554Z'
    }
  },
  {
    event_type: 'TestRunStarted',
    logs: [],
    test_run: {
      type: 'test',
      framework: 'Playwright',
      uuid: 'ded8a310-a969-414a-886e-327dea2ded20',
      name: 'Taxes dropdown has correct options',
      body: [Object],
      identifier: 'Taxes dropdown has correct options',
      scope: 'Taxes dropdown has correct options',
      scopes: [Array],
      custom_metadata: undefined,
      file_name: 'tests/navigation.menu.spec.ts',
      vc_filepath: 'lesson19/tests/navigation.menu.spec.ts',
      location: 'tests/navigation.menu.spec.ts',
      result: 'pending',
      duration_in_ms: null,
      started_at: '2025-12-13T16:57:01.556Z',
      failure: undefined,
      failure_type: undefined,
      failure_reason: null,
      retry_of: null,
      tags: [],
      customRerunParam: [Object],
      hooks: [],
      product_map: [Object]
    }
  },
  {
    event_type: 'LogCreated',
    logs: [ [Object], [Object], [Object], [Object] ]
  },
  {
    event_type: 'TestRunFinished',
    logs: [],
    test_run: {
      type: 'test',
      framework: 'Playwright',
      uuid: '6a481ec0-bbf3-42a6-816c-7829ed698bd5',
      name: 'Main menu items are visible',
      body: [Object],
      identifier: 'Main menu items are visible',
      scope: 'Main menu items are visible',
      scopes: [Array],
      custom_metadata: {},
      file_name: 'tests/navigation.menu.spec.ts',
      vc_filepath: 'lesson19/tests/navigation.menu.spec.ts',
      location: 'tests/navigation.menu.spec.ts',
      result: 'passed',
      duration_in_ms: 684,
      started_at: '2025-12-13T16:57:00.631Z',
      finished_at: '2025-12-13T16:57:01.315Z',
      failure: null,
      failure_type: undefined,
      failure_reason: null,
      retry_of: null,
      tags: [],
      customRerunParam: [Object],
      hooks: [Array],
      product_map: [Object]
    }
  },
  {
    event_type: 'HookRunStarted',
    hook_run: {
      type: 'hook',
      hook_type: 'BEFORE_EACH',
      framework: 'Playwright',
      uuid: 'd5425345-0c64-4abf-a974-e4336b8a2261',
      name: 'beforeEach hook',
      result: 'pending',
      test_run_id: 'ded8a310-a969-414a-886e-327dea2ded20',
      body: [Object],
      scope: 'Taxes dropdown has correct options',
      custom_metadata: {},
      tags: [],
      scopes: [Array],
      file_name: '/Users/macbodya/my-first-repo/lesson19/tests/navigation.menu.spec.ts:19',
      location: '/Users/macbodya/my-first-repo/lesson19/tests/navigation.menu.spec.ts:19',
      vc_filepath: '/Users/macbodya/my-first-repo/lesson19/tests/navigation.menu.spec.ts:19',
      started_at: '2025-12-13T16:57:01.568Z'
    }
  },
  {
    event_type: 'LogCreated',
    logs: [ [Object], [Object], [Object], [Object], [Object], [Object] ]
  },
  {
    event_type: 'HookRunFinished',
    hook_run: {
      type: 'hook',
      hook_type: 'BEFORE_EACH',
      framework: 'Playwright',
      uuid: 'ad7751f9-c5e4-47e9-ad6d-a3805cbd5133',
      name: 'beforeEach hook',
      result: 'passed',
      test_run_id: '29f2a77d-d723-4c5a-a72e-8452f5d2c524',
      body: [Object],
      scope: 'Title is correct',
      custom_metadata: {},
      tags: [],
      scopes: [Array],
      file_name: '/Users/macbodya/my-first-repo/lesson19/tests/header.spec.ts:16',
      location: '/Users/macbodya/my-first-repo/lesson19/tests/header.spec.ts:16',
      vc_filepath: '/Users/macbodya/my-first-repo/lesson19/tests/header.spec.ts:16',
      started_at: '2025-12-13T16:57:01.554Z',
      finished_at: '2025-12-13T16:57:02.113Z'
    }
  },
  {
    event_type: 'LogCreated',
    logs: [ [Object], [Object], [Object], [Object], [Object], [Object] ]
  },
  {
    event_type: 'HookRunFinished',
    hook_run: {
      type: 'hook',
      hook_type: 'BEFORE_EACH',
      framework: 'Playwright',
      uuid: 'd5425345-0c64-4abf-a974-e4336b8a2261',
      name: 'beforeEach hook',
      result: 'passed',
      test_run_id: 'ded8a310-a969-414a-886e-327dea2ded20',
      body: [Object],
      scope: 'Taxes dropdown has correct options',
      custom_metadata: {},
      tags: [],
      scopes: [Array],
      file_name: '/Users/macbodya/my-first-repo/lesson19/tests/navigation.menu.spec.ts:19',
      location: '/Users/macbodya/my-first-repo/lesson19/tests/navigation.menu.spec.ts:19',
      vc_filepath: '/Users/macbodya/my-first-repo/lesson19/tests/navigation.menu.spec.ts:19',
      started_at: '2025-12-13T16:57:01.568Z',
      finished_at: '2025-12-13T16:57:02.138Z'
    }
  }
] to 69009:0
2025-12-13T16:57:02.204Z CLI info  [bohdanhavryliv_akp5dR]  [gkbu9ccvzf63sycwspitc1llyghavigbm40s2nnk]  [bc41db51-b0fd-49b0-a2a9-ef6d2c43b1c8]  [PRODUCTION] Making POST request to https://collector-observability.browserstack.com
2025-12-13T16:57:02.207Z CLI info [TEST REPORTING AND ANALYTICS:node]  [bohdanhavryliv_akp5dR]  [gkbu9ccvzf63sycwspitc1llyghavigbm40s2nnk]  [bc41db51-b0fd-49b0-a2a9-ef6d2c43b1c8]  onLogCreatedEvent: LogCreated promise={}
2025-12-13T16:57:02.208Z CLI info [testhub:request-queue-handler]  [bohdanhavryliv_akp5dR]  [gkbu9ccvzf63sycwspitc1llyghavigbm40s2nnk]  [bc41db51-b0fd-49b0-a2a9-ef6d2c43b1c8]  Added the event {
  event_type: 'LogCreated',
  logs: [
    {
      testFrameworkName: 'Playwright',
      testFrameworkVersion: '1.57.0',
      testFrameworkState: 'TEST',
      timestamp: '2025-12-13T16:57:02.150Z',
      uuid: '29f2a77d-d723-4c5a-a72e-8452f5d2c524',
      kind: 'TEST_STEP',
      message: 'Expect "toBe"',
      level: 'passed',
      fileName: '',
      fileSize: [Long],
      filePath: '',
      attachmentType: '',
      test_run_uuid: '29f2a77d-d723-4c5a-a72e-8452f5d2c524'
    },
    {
      testFrameworkName: 'Playwright',
      testFrameworkVersion: '1.57.0',
      testFrameworkState: 'TEST',
      timestamp: '2025-12-13T16:57:02.184Z',
      uuid: '29f2a77d-d723-4c5a-a72e-8452f5d2c524',
      kind: 'TEST_STEP',
      message: 'Fixture "browser"',
      level: 'passed',
      fileName: '',
      fileSize: [Long],
      filePath: '',
      attachmentType: '',
      test_run_uuid: '29f2a77d-d723-4c5a-a72e-8452f5d2c524'
    },
    {
      testFrameworkName: 'Playwright',
      testFrameworkVersion: '1.57.0',
      testFrameworkState: 'TEST',
      timestamp: '2025-12-13T16:57:02.184Z',
      uuid: '29f2a77d-d723-4c5a-a72e-8452f5d2c524',
      kind: 'TEST_STEP',
      message: 'Fixture "browser"',
      level: 'passed',
      fileName: '',
      fileSize: [Long],
      filePath: '',
      attachmentType: '',
      test_run_uuid: '29f2a77d-d723-4c5a-a72e-8452f5d2c524'
    },
    {
      testFrameworkName: 'Playwright',
      testFrameworkVersion: '1.57.0',
      testFrameworkState: 'TEST',
      timestamp: '2025-12-13T16:57:02.199Z',
      uuid: '29f2a77d-d723-4c5a-a72e-8452f5d2c524',
      kind: 'TEST_STEP',
      message: 'Fixture "__browserstack_workerHook"',
      level: 'passed',
      fileName: '',
      fileSize: [Long],
      filePath: '',
      attachmentType: '',
      test_run_uuid: '29f2a77d-d723-4c5a-a72e-8452f5d2c524'
    }
  ]
} to 69009:0
2025-12-13T16:57:02.210Z CLI info [testhub:request-queue-handler]  [bohdanhavryliv_akp5dR]  [gkbu9ccvzf63sycwspitc1llyghavigbm40s2nnk]  [bc41db51-b0fd-49b0-a2a9-ef6d2c43b1c8]  Added the event {
  event_type: 'TestRunFinished',
  logs: [],
  test_run: {
    type: 'test',
    framework: 'Playwright',
    uuid: '29f2a77d-d723-4c5a-a72e-8452f5d2c524',
    name: 'Title is correct',
    body: {
      lang: 'javascript',
      code: 'async () => {\n' +
        '    const text = await pageObject.header.getTitleText();\n' +
        "    (0, _test.expect)(text === null || text === void 0 ? void 0 : text.trim()).toBe('Ласкаво просимо до FOP Help');\n" +
        '  }'
    },
    identifier: 'Title is correct',
    scope: 'Title is correct',
    scopes: [ 'FopHELP header' ],
    custom_metadata: {},
    file_name: 'tests/header.spec.ts',
    vc_filepath: 'lesson19/tests/header.spec.ts',
    location: 'tests/header.spec.ts',
    result: 'failed',
    duration_in_ms: 622,
    started_at: '2025-12-13T16:57:01.544Z',
    finished_at: '2025-12-13T16:57:02.166Z',
    failure: [ [Object] ],
    failure_type: 'UnhandledError',
    failure_reason: null,
    retry_of: null,
    tags: [],
    customRerunParam: {
      rerun_name: ' chromium header.spec.ts FopHELP header Title is correct'
    },
    hooks: [ 'ad7751f9-c5e4-47e9-ad6d-a3805cbd5133' ],
    product_map: {
      observability: true,
      accessibility: false,
      percy: false,
      automate: true,
      app_automate: false
    }
  }
} to 69009:0
2025-12-13T16:57:02.266Z CLI warn [TEST REPORTING AND ANALYTICS:node]  [bohdanhavryliv_akp5dR]  [gkbu9ccvzf63sycwspitc1llyghavigbm40s2nnk]  [bc41db51-b0fd-49b0-a2a9-ef6d2c43b1c8]  onTestSessionEvent: empty platform for driver=ae658ed0f662ed3041f63b4c8e3b752c3c3ec83a8d2ed845ebe1524f6de7538d platform={}
2025-12-13T16:57:02.290Z CLI info [TEST REPORTING AND ANALYTICS:node]  [bohdanhavryliv_akp5dR]  [gkbu9ccvzf63sycwspitc1llyghavigbm40s2nnk]  [bc41db51-b0fd-49b0-a2a9-ef6d2c43b1c8]  onLogCreatedEvent: LogCreated promise={}
2025-12-13T16:57:02.291Z CLI info [testhub:request-queue-handler]  [bohdanhavryliv_akp5dR]  [gkbu9ccvzf63sycwspitc1llyghavigbm40s2nnk]  [bc41db51-b0fd-49b0-a2a9-ef6d2c43b1c8]  Added the event {
  event_type: 'LogCreated',
  logs: [
    {
      testFrameworkName: 'Playwright',
      testFrameworkVersion: '1.57.0',
      testFrameworkState: 'TEST',
      timestamp: '2025-12-13T16:57:02.139Z',
      uuid: 'ded8a310-a969-414a-886e-327dea2ded20',
      kind: 'TEST_STEP',
      message: `Click locator('nav.main-navigation').locator('button:has-text("Податки")')`,
      level: 'passed',
      fileName: '',
      fileSize: [Long],
      filePath: '',
      attachmentType: '',
      test_run_uuid: 'ded8a310-a969-414a-886e-327dea2ded20'
    },
    {
      testFrameworkName: 'Playwright',
      testFrameworkVersion: '1.57.0',
      testFrameworkState: 'TEST',
      timestamp: '2025-12-13T16:57:02.248Z',
      uuid: 'ded8a310-a969-414a-886e-327dea2ded20',
      kind: 'TEST_STEP',
      message: 'Expect "toEqual"',
      level: 'passed',
      fileName: '',
      fileSize: [Long],
      filePath: '',
      attachmentType: '',
      test_run_uuid: 'ded8a310-a969-414a-886e-327dea2ded20'
    },
    {
      testFrameworkName: 'Playwright',
      testFrameworkVersion: '1.57.0',
      testFrameworkState: 'TEST',
      timestamp: '2025-12-13T16:57:02.273Z',
      uuid: 'ded8a310-a969-414a-886e-327dea2ded20',
      kind: 'TEST_STEP',
      message: 'Fixture "browser"',
      level: 'passed',
      fileName: '',
      fileSize: [Long],
      filePath: '',
      attachmentType: '',
      test_run_uuid: 'ded8a310-a969-414a-886e-327dea2ded20'
    },
    {
      testFrameworkName: 'Playwright',
      testFrameworkVersion: '1.57.0',
      testFrameworkState: 'TEST',
      timestamp: '2025-12-13T16:57:02.273Z',
      uuid: 'ded8a310-a969-414a-886e-327dea2ded20',
      kind: 'TEST_STEP',
      message: 'Fixture "browser"',
      level: 'passed',
      fileName: '',
      fileSize: [Long],
      filePath: '',
      attachmentType: '',
      test_run_uuid: 'ded8a310-a969-414a-886e-327dea2ded20'
    },
    {
      testFrameworkName: 'Playwright',
      testFrameworkVersion: '1.57.0',
      testFrameworkState: 'TEST',
      timestamp: '2025-12-13T16:57:02.286Z',
      uuid: 'ded8a310-a969-414a-886e-327dea2ded20',
      kind: 'TEST_STEP',
      message: 'Fixture "__browserstack_workerHook"',
      level: 'passed',
      fileName: '',
      fileSize: [Long],
      filePath: '',
      attachmentType: '',
      test_run_uuid: 'ded8a310-a969-414a-886e-327dea2ded20'
    }
  ]
} to 69009:0
2025-12-13T16:57:02.292Z CLI info [testhub:request-queue-handler]  [bohdanhavryliv_akp5dR]  [gkbu9ccvzf63sycwspitc1llyghavigbm40s2nnk]  [bc41db51-b0fd-49b0-a2a9-ef6d2c43b1c8]  Added the event {
  event_type: 'TestRunFinished',
  logs: [],
  test_run: {
    type: 'test',
    framework: 'Playwright',
    uuid: 'ded8a310-a969-414a-886e-327dea2ded20',
    name: 'Taxes dropdown has correct options',
    body: {
      lang: 'javascript',
      code: 'async () => {\n' +
        '    await pageObject.navigationMenu.openTaxesDropdown();\n' +
        '    const options = await pageObject.navigationMenu.getTaxesOptionsText();\n' +
        "    (0, _test.expect)(options).toEqual(['Усі', 'Несплачені', 'Сплачені']);\n" +
        '  }'
    },
    identifier: 'Taxes dropdown has correct options',
    scope: 'Taxes dropdown has correct options',
    scopes: [ 'FopHELP navigation menu' ],
    custom_metadata: {},
    file_name: 'tests/navigation.menu.spec.ts',
    vc_filepath: 'lesson19/tests/navigation.menu.spec.ts',
    location: 'tests/navigation.menu.spec.ts',
    result: 'failed',
    duration_in_ms: 698,
    started_at: '2025-12-13T16:57:01.556Z',
    finished_at: '2025-12-13T16:57:02.254Z',
    failure: [ [Object] ],
    failure_type: 'UnhandledError',
    failure_reason: null,
    retry_of: null,
    tags: [],
    customRerunParam: {
      rerun_name: ' chromium navigation.menu.spec.ts FopHELP navigation menu Taxes dropdown has correct options'
    },
    hooks: [ 'd5425345-0c64-4abf-a974-e4336b8a2261' ],
    product_map: {
      observability: true,
      accessibility: false,
      percy: false,
      automate: true,
      app_automate: false
    }
  }
} to 69009:0
2025-12-13T16:57:02.947Z CLI info [testhub:request-queue-handler]  [bohdanhavryliv_akp5dR]  [gkbu9ccvzf63sycwspitc1llyghavigbm40s2nnk]  [bc41db51-b0fd-49b0-a2a9-ef6d2c43b1c8]  Added the event {
  event_type: 'TestRunStarted',
  logs: [],
  test_run: {
    type: 'test',
    framework: 'Playwright',
    uuid: '8f90ec9a-dda0-40e5-9943-eceafdce77ef',
    name: 'Register button is visible and correct',
    body: {
      lang: 'javascript',
      code: 'async () => {\n' +
        '    (0, _test.expect)(await pageObject.header.isRegisterButtonVisible()).toBeTruthy();\n' +
        '    const text = await pageObject.header.getRegisterButtonText();\n' +
        "    (0, _test.expect)(text === null || text === void 0 ? void 0 : text.trim()).toBe('Реєстрація');\n" +
        '  }'
    },
    identifier: 'Register button is visible and correct',
    scope: 'Register button is visible and correct',
    scopes: [ 'FopHELP header' ],
    custom_metadata: undefined,
    file_name: 'tests/header.spec.ts',
    vc_filepath: 'lesson19/tests/header.spec.ts',
    location: 'tests/header.spec.ts',
    result: 'pending',
    duration_in_ms: null,
    started_at: '2025-12-13T16:57:02.944Z',
    failure: undefined,
    failure_type: undefined,
    failure_reason: null,
    retry_of: null,
    tags: [],
    customRerunParam: {
      rerun_name: ' chromium header.spec.ts FopHELP header Register button is visible and correct'
    },
    hooks: [],
    product_map: {
      observability: true,
      accessibility: false,
      percy: false,
      automate: true,
      app_automate: false
    }
  }
} to 69009:0
2025-12-13T16:57:02.948Z CLI info [testhub:request-queue-handler]  [bohdanhavryliv_akp5dR]  [gkbu9ccvzf63sycwspitc1llyghavigbm40s2nnk]  [bc41db51-b0fd-49b0-a2a9-ef6d2c43b1c8]  Added the event {
  event_type: 'HookRunStarted',
  hook_run: {
    type: 'hook',
    hook_type: 'BEFORE_EACH',
    framework: 'Playwright',
    uuid: '73a887cb-5a4e-4c14-adac-c4ed71a3ad86',
    name: 'beforeEach hook',
    result: 'pending',
    test_run_id: '8f90ec9a-dda0-40e5-9943-eceafdce77ef',
    body: { lang: 'node', code: null },
    scope: 'Register button is visible and correct',
    custom_metadata: {},
    tags: [],
    scopes: [ 'FopHELP header' ],
    file_name: '/Users/macbodya/my-first-repo/lesson19/tests/header.spec.ts:21',
    location: '/Users/macbodya/my-first-repo/lesson19/tests/header.spec.ts:21',
    vc_filepath: '/Users/macbodya/my-first-repo/lesson19/tests/header.spec.ts:21',
    started_at: '2025-12-13T16:57:02.946Z'
  }
} to 69009:0
2025-12-13T16:57:02.993Z CLI info [testhub:request-queue-handler]  [bohdanhavryliv_akp5dR]  [gkbu9ccvzf63sycwspitc1llyghavigbm40s2nnk]  [bc41db51-b0fd-49b0-a2a9-ef6d2c43b1c8]  Added the event {
  event_type: 'TestRunStarted',
  logs: [],
  test_run: {
    type: 'test',
    framework: 'Playwright',
    uuid: '499440b7-4c9e-44eb-bbf4-2751b63e46b2',
    name: 'Reports dropdown has correct options',
    body: {
      lang: 'javascript',
      code: 'async () => {\n' +
        '    await pageObject.navigationMenu.openReportsDropdown();\n' +
        '    const options = await pageObject.navigationMenu.getReportsOptionsText();\n' +
        "    (0, _test.expect)(options).toEqual(['Усі', 'Поточні', 'Подані']);\n" +
        '  }'
    },
    identifier: 'Reports dropdown has correct options',
    scope: 'Reports dropdown has correct options',
    scopes: [ 'FopHELP navigation menu' ],
    custom_metadata: undefined,
    file_name: 'tests/navigation.menu.spec.ts',
    vc_filepath: 'lesson19/tests/navigation.menu.spec.ts',
    location: 'tests/navigation.menu.spec.ts',
    result: 'pending',
    duration_in_ms: null,
    started_at: '2025-12-13T16:57:02.990Z',
    failure: undefined,
    failure_type: undefined,
    failure_reason: null,
    retry_of: null,
    tags: [],
    customRerunParam: {
      rerun_name: ' chromium navigation.menu.spec.ts FopHELP navigation menu Reports dropdown has correct options'
    },
    hooks: [],
    product_map: {
      observability: true,
      accessibility: false,
      percy: false,
      automate: true,
      app_automate: false
    }
  }
} to 69009:0
2025-12-13T16:57:02.993Z CLI info [testhub:request-queue-handler]  [bohdanhavryliv_akp5dR]  [gkbu9ccvzf63sycwspitc1llyghavigbm40s2nnk]  [bc41db51-b0fd-49b0-a2a9-ef6d2c43b1c8]  Added the event {
  event_type: 'HookRunStarted',
  hook_run: {
    type: 'hook',
    hook_type: 'BEFORE_EACH',
    framework: 'Playwright',
    uuid: '7a4c068a-b99a-4ff6-8cee-ec146a70463f',
    name: 'beforeEach hook',
    result: 'pending',
    test_run_id: '499440b7-4c9e-44eb-bbf4-2751b63e46b2',
    body: { lang: 'node', code: null },
    scope: 'Reports dropdown has correct options',
    custom_metadata: {},
    tags: [],
    scopes: [ 'FopHELP navigation menu' ],
    file_name: '/Users/macbodya/my-first-repo/lesson19/tests/navigation.menu.spec.ts:25',
    location: '/Users/macbodya/my-first-repo/lesson19/tests/navigation.menu.spec.ts:25',
    vc_filepath: '/Users/macbodya/my-first-repo/lesson19/tests/navigation.menu.spec.ts:25',
    started_at: '2025-12-13T16:57:02.992Z'
  }
} to 69009:0
2025-12-13T16:57:03.072Z CLI info [sdk:service]  [bohdanhavryliv_akp5dR]  [gkbu9ccvzf63sycwspitc1llyghavigbm40s2nnk]  [bc41db51-b0fd-49b0-a2a9-ef6d2c43b1c8]  Driver initialized as primary driver: platformIndex=0
2025-12-13T16:57:03.112Z CLI info [sdk:service]  [bohdanhavryliv_akp5dR]  [gkbu9ccvzf63sycwspitc1llyghavigbm40s2nnk]  [bc41db51-b0fd-49b0-a2a9-ef6d2c43b1c8]  Driver initialized as primary driver: platformIndex=1
2025-12-13T16:57:03.151Z CLI warn [TEST REPORTING AND ANALYTICS:node]  [bohdanhavryliv_akp5dR]  [gkbu9ccvzf63sycwspitc1llyghavigbm40s2nnk]  [bc41db51-b0fd-49b0-a2a9-ef6d2c43b1c8]  onTestSessionEvent: empty platform for driver=6817d980bf4dc047988b8f40435ea99fb588f847252efccd100ae9fe12100e72 platform={}
2025-12-13T16:57:03.186Z CLI warn [TEST REPORTING AND ANALYTICS:node]  [bohdanhavryliv_akp5dR]  [gkbu9ccvzf63sycwspitc1llyghavigbm40s2nnk]  [bc41db51-b0fd-49b0-a2a9-ef6d2c43b1c8]  onTestSessionEvent: empty platform for driver=5795730d156a0e7b44a7dc8a86bec49c21461979508d8238c50dbfd368a9202a platform={}
2025-12-13T16:57:03.623Z CLI info [TEST REPORTING AND ANALYTICS:node]  [bohdanhavryliv_akp5dR]  [gkbu9ccvzf63sycwspitc1llyghavigbm40s2nnk]  [bc41db51-b0fd-49b0-a2a9-ef6d2c43b1c8]  onLogCreatedEvent: LogCreated promise={}
2025-12-13T16:57:03.623Z CLI info [testhub:request-queue-handler]  [bohdanhavryliv_akp5dR]  [gkbu9ccvzf63sycwspitc1llyghavigbm40s2nnk]  [bc41db51-b0fd-49b0-a2a9-ef6d2c43b1c8]  Added the event {
  event_type: 'LogCreated',
  logs: [
    {
      testFrameworkName: 'Playwright',
      testFrameworkVersion: '1.57.0',
      testFrameworkState: 'BEFORE_EACH',
      timestamp: '2025-12-13T16:57:02.948Z',
      uuid: '73a887cb-5a4e-4c14-adac-c4ed71a3ad86',
      kind: 'TEST_STEP',
      message: 'Fixture "__browserstack_workerHook"',
      level: 'passed',
      fileName: '',
      fileSize: [Long],
      filePath: '',
      attachmentType: '',
      hook_run_uuid: '73a887cb-5a4e-4c14-adac-c4ed71a3ad86'
    },
    {
      testFrameworkName: 'Playwright',
      testFrameworkVersion: '1.57.0',
      testFrameworkState: 'BEFORE_EACH',
      timestamp: '2025-12-13T16:57:02.955Z',
      uuid: '73a887cb-5a4e-4c14-adac-c4ed71a3ad86',
      kind: 'TEST_STEP',
      message: 'Fixture "__browserstack_testHook"',
      level: 'passed',
      fileName: '',
      fileSize: [Long],
      filePath: '',
      attachmentType: '',
      hook_run_uuid: '73a887cb-5a4e-4c14-adac-c4ed71a3ad86'
    },
    {
      testFrameworkName: 'Playwright',
      testFrameworkVersion: '1.57.0',
      testFrameworkState: 'BEFORE_EACH',
      timestamp: '2025-12-13T16:57:02.967Z',
      uuid: '73a887cb-5a4e-4c14-adac-c4ed71a3ad86',
      kind: 'TEST_STEP',
      message: 'Launch browser',
      level: 'passed',
      fileName: '',
      fileSize: [Long],
      filePath: '',
      attachmentType: '',
      hook_run_uuid: '73a887cb-5a4e-4c14-adac-c4ed71a3ad86'
    },
    {
      testFrameworkName: 'Playwright',
      testFrameworkVersion: '1.57.0',
      testFrameworkState: 'BEFORE_EACH',
      timestamp: '2025-12-13T16:57:03.070Z',
      uuid: '73a887cb-5a4e-4c14-adac-c4ed71a3ad86',
      kind: 'TEST_STEP',
      message: 'Fixture "browser"',
      level: 'passed',
      fileName: '',
      fileSize: [Long],
      filePath: '',
      attachmentType: '',
      hook_run_uuid: '73a887cb-5a4e-4c14-adac-c4ed71a3ad86'
    },
    {
      testFrameworkName: 'Playwright',
      testFrameworkVersion: '1.57.0',
      testFrameworkState: 'BEFORE_EACH',
      timestamp: '2025-12-13T16:57:03.084Z',
      uuid: '73a887cb-5a4e-4c14-adac-c4ed71a3ad86',
      kind: 'TEST_STEP',
      message: 'Create context',
      level: 'passed',
      fileName: '',
      fileSize: [Long],
      filePath: '',
      attachmentType: '',
      hook_run_uuid: '73a887cb-5a4e-4c14-adac-c4ed71a3ad86'
    },
    {
      testFrameworkName: 'Playwright',
      testFrameworkVersion: '1.57.0',
      testFrameworkState: 'BEFORE_EACH',
      timestamp: '2025-12-13T16:57:03.092Z',
      uuid: '73a887cb-5a4e-4c14-adac-c4ed71a3ad86',
      kind: 'TEST_STEP',
      message: 'Fixture "context"',
      level: 'passed',
      fileName: '',
      fileSize: [Long],
      filePath: '',
      attachmentType: '',
      hook_run_uuid: '73a887cb-5a4e-4c14-adac-c4ed71a3ad86'
    },
    {
      testFrameworkName: 'Playwright',
      testFrameworkVersion: '1.57.0',
      testFrameworkState: 'BEFORE_EACH',
      timestamp: '2025-12-13T16:57:03.094Z',
      uuid: '73a887cb-5a4e-4c14-adac-c4ed71a3ad86',
      kind: 'TEST_STEP',
      message: 'Create page',
      level: 'passed',
      fileName: '',
      fileSize: [Long],
      filePath: '',
      attachmentType: '',
      hook_run_uuid: '73a887cb-5a4e-4c14-adac-c4ed71a3ad86'
    },
    {
      testFrameworkName: 'Playwright',
      testFrameworkVersion: '1.57.0',
      testFrameworkState: 'BEFORE_EACH',
      timestamp: '2025-12-13T16:57:03.154Z',
      uuid: '73a887cb-5a4e-4c14-adac-c4ed71a3ad86',
      kind: 'TEST_STEP',
      message: 'Evaluate',
      level: 'passed',
      fileName: '',
      fileSize: [Long],
      filePath: '',
      attachmentType: '',
      hook_run_uuid: '73a887cb-5a4e-4c14-adac-c4ed71a3ad86'
    },
    {
      testFrameworkName: 'Playwright',
      testFrameworkVersion: '1.57.0',
      testFrameworkState: 'BEFORE_EACH',
      timestamp: '2025-12-13T16:57:03.158Z',
      uuid: '73a887cb-5a4e-4c14-adac-c4ed71a3ad86',
      kind: 'TEST_STEP',
      message: 'Navigate to "/"',
      level: 'passed',
      fileName: '',
      fileSize: [Long],
      filePath: '',
      attachmentType: '',
      hook_run_uuid: '73a887cb-5a4e-4c14-adac-c4ed71a3ad86'
    }
  ]
} to 69009:0
2025-12-13T16:57:03.625Z CLI info [testhub:request-queue-handler]  [bohdanhavryliv_akp5dR]  [gkbu9ccvzf63sycwspitc1llyghavigbm40s2nnk]  [bc41db51-b0fd-49b0-a2a9-ef6d2c43b1c8]  Added the event {
  event_type: 'HookRunFinished',
  hook_run: {
    type: 'hook',
    hook_type: 'BEFORE_EACH',
    framework: 'Playwright',
    uuid: '73a887cb-5a4e-4c14-adac-c4ed71a3ad86',
    name: 'beforeEach hook',
    result: 'passed',
    test_run_id: '8f90ec9a-dda0-40e5-9943-eceafdce77ef',
    body: { lang: 'node', code: null },
    scope: 'Register button is visible and correct',
    custom_metadata: {},
    tags: [],
    scopes: [ 'FopHELP header' ],
    file_name: '/Users/macbodya/my-first-repo/lesson19/tests/header.spec.ts:21',
    location: '/Users/macbodya/my-first-repo/lesson19/tests/header.spec.ts:21',
    vc_filepath: '/Users/macbodya/my-first-repo/lesson19/tests/header.spec.ts:21',
    started_at: '2025-12-13T16:57:02.946Z',
    finished_at: '2025-12-13T16:57:03.620Z'
  }
} to 69009:0
2025-12-13T16:57:03.666Z CLI warn [TEST REPORTING AND ANALYTICS:node]  [bohdanhavryliv_akp5dR]  [gkbu9ccvzf63sycwspitc1llyghavigbm40s2nnk]  [bc41db51-b0fd-49b0-a2a9-ef6d2c43b1c8]  onTestSessionEvent: empty platform for driver=6817d980bf4dc047988b8f40435ea99fb588f847252efccd100ae9fe12100e72 platform={}
2025-12-13T16:57:03.668Z CLI info [TEST REPORTING AND ANALYTICS:node]  [bohdanhavryliv_akp5dR]  [gkbu9ccvzf63sycwspitc1llyghavigbm40s2nnk]  [bc41db51-b0fd-49b0-a2a9-ef6d2c43b1c8]  onLogCreatedEvent: LogCreated promise={}
2025-12-13T16:57:03.668Z CLI info [testhub:request-queue-handler]  [bohdanhavryliv_akp5dR]  [gkbu9ccvzf63sycwspitc1llyghavigbm40s2nnk]  [bc41db51-b0fd-49b0-a2a9-ef6d2c43b1c8]  Added the event {
  event_type: 'LogCreated',
  logs: [
    {
      testFrameworkName: 'Playwright',
      testFrameworkVersion: '1.57.0',
      testFrameworkState: 'BEFORE_EACH',
      timestamp: '2025-12-13T16:57:02.994Z',
      uuid: '7a4c068a-b99a-4ff6-8cee-ec146a70463f',
      kind: 'TEST_STEP',
      message: 'Fixture "__browserstack_workerHook"',
      level: 'passed',
      fileName: '',
      fileSize: [Long],
      filePath: '',
      attachmentType: '',
      hook_run_uuid: '7a4c068a-b99a-4ff6-8cee-ec146a70463f'
    },
    {
      testFrameworkName: 'Playwright',
      testFrameworkVersion: '1.57.0',
      testFrameworkState: 'BEFORE_EACH',
      timestamp: '2025-12-13T16:57:03.000Z',
      uuid: '7a4c068a-b99a-4ff6-8cee-ec146a70463f',
      kind: 'TEST_STEP',
      message: 'Fixture "__browserstack_testHook"',
      level: 'passed',
      fileName: '',
      fileSize: [Long],
      filePath: '',
      attachmentType: '',
      hook_run_uuid: '7a4c068a-b99a-4ff6-8cee-ec146a70463f'
    },
    {
      testFrameworkName: 'Playwright',
      testFrameworkVersion: '1.57.0',
      testFrameworkState: 'BEFORE_EACH',
      timestamp: '2025-12-13T16:57:03.013Z',
      uuid: '7a4c068a-b99a-4ff6-8cee-ec146a70463f',
      kind: 'TEST_STEP',
      message: 'Launch browser',
      level: 'passed',
      fileName: '',
      fileSize: [Long],
      filePath: '',
      attachmentType: '',
      hook_run_uuid: '7a4c068a-b99a-4ff6-8cee-ec146a70463f'
    },
    {
      testFrameworkName: 'Playwright',
      testFrameworkVersion: '1.57.0',
      testFrameworkState: 'BEFORE_EACH',
      timestamp: '2025-12-13T16:57:03.109Z',
      uuid: '7a4c068a-b99a-4ff6-8cee-ec146a70463f',
      kind: 'TEST_STEP',
      message: 'Fixture "browser"',
      level: 'passed',
      fileName: '',
      fileSize: [Long],
      filePath: '',
      attachmentType: '',
      hook_run_uuid: '7a4c068a-b99a-4ff6-8cee-ec146a70463f'
    },
    {
      testFrameworkName: 'Playwright',
      testFrameworkVersion: '1.57.0',
      testFrameworkState: 'BEFORE_EACH',
      timestamp: '2025-12-13T16:57:03.124Z',
      uuid: '7a4c068a-b99a-4ff6-8cee-ec146a70463f',
      kind: 'TEST_STEP',
      message: 'Create context',
      level: 'passed',
      fileName: '',
      fileSize: [Long],
      filePath: '',
      attachmentType: '',
      hook_run_uuid: '7a4c068a-b99a-4ff6-8cee-ec146a70463f'
    },
    {
      testFrameworkName: 'Playwright',
      testFrameworkVersion: '1.57.0',
      testFrameworkState: 'BEFORE_EACH',
      timestamp: '2025-12-13T16:57:03.130Z',
      uuid: '7a4c068a-b99a-4ff6-8cee-ec146a70463f',
      kind: 'TEST_STEP',
      message: 'Fixture "context"',
      level: 'passed',
      fileName: '',
      fileSize: [Long],
      filePath: '',
      attachmentType: '',
      hook_run_uuid: '7a4c068a-b99a-4ff6-8cee-ec146a70463f'
    },
    {
      testFrameworkName: 'Playwright',
      testFrameworkVersion: '1.57.0',
      testFrameworkState: 'BEFORE_EACH',
      timestamp: '2025-12-13T16:57:03.131Z',
      uuid: '7a4c068a-b99a-4ff6-8cee-ec146a70463f',
      kind: 'TEST_STEP',
      message: 'Create page',
      level: 'passed',
      fileName: '',
      fileSize: [Long],
      filePath: '',
      attachmentType: '',
      hook_run_uuid: '7a4c068a-b99a-4ff6-8cee-ec146a70463f'
    },
    {
      testFrameworkName: 'Playwright',
      testFrameworkVersion: '1.57.0',
      testFrameworkState: 'BEFORE_EACH',
      timestamp: '2025-12-13T16:57:03.188Z',
      uuid: '7a4c068a-b99a-4ff6-8cee-ec146a70463f',
      kind: 'TEST_STEP',
      message: 'Evaluate',
      level: 'passed',
      fileName: '',
      fileSize: [Long],
      filePath: '',
      attachmentType: '',
      hook_run_uuid: '7a4c068a-b99a-4ff6-8cee-ec146a70463f'
    },
    {
      testFrameworkName: 'Playwright',
      testFrameworkVersion: '1.57.0',
      testFrameworkState: 'BEFORE_EACH',
      timestamp: '2025-12-13T16:57:03.191Z',
      uuid: '7a4c068a-b99a-4ff6-8cee-ec146a70463f',
      kind: 'TEST_STEP',
      message: 'Navigate to "/"',
      level: 'passed',
      fileName: '',
      fileSize: [Long],
      filePath: '',
      attachmentType: '',
      hook_run_uuid: '7a4c068a-b99a-4ff6-8cee-ec146a70463f'
    }
  ]
} to 69009:0
2025-12-13T16:57:03.670Z CLI info [testhub:request-queue-handler]  [bohdanhavryliv_akp5dR]  [gkbu9ccvzf63sycwspitc1llyghavigbm40s2nnk]  [bc41db51-b0fd-49b0-a2a9-ef6d2c43b1c8]  Added the event {
  event_type: 'HookRunFinished',
  hook_run: {
    type: 'hook',
    hook_type: 'BEFORE_EACH',
    framework: 'Playwright',
    uuid: '7a4c068a-b99a-4ff6-8cee-ec146a70463f',
    name: 'beforeEach hook',
    result: 'passed',
    test_run_id: '499440b7-4c9e-44eb-bbf4-2751b63e46b2',
    body: { lang: 'node', code: null },
    scope: 'Reports dropdown has correct options',
    custom_metadata: {},
    tags: [],
    scopes: [ 'FopHELP navigation menu' ],
    file_name: '/Users/macbodya/my-first-repo/lesson19/tests/navigation.menu.spec.ts:25',
    location: '/Users/macbodya/my-first-repo/lesson19/tests/navigation.menu.spec.ts:25',
    vc_filepath: '/Users/macbodya/my-first-repo/lesson19/tests/navigation.menu.spec.ts:25',
    started_at: '2025-12-13T16:57:02.992Z',
    finished_at: '2025-12-13T16:57:03.666Z'
  }
} to 69009:0
2025-12-13T16:57:03.679Z CLI info [TEST REPORTING AND ANALYTICS:node]  [bohdanhavryliv_akp5dR]  [gkbu9ccvzf63sycwspitc1llyghavigbm40s2nnk]  [bc41db51-b0fd-49b0-a2a9-ef6d2c43b1c8]  onLogCreatedEvent: LogCreated promise={}
2025-12-13T16:57:03.679Z CLI info [testhub:request-queue-handler]  [bohdanhavryliv_akp5dR]  [gkbu9ccvzf63sycwspitc1llyghavigbm40s2nnk]  [bc41db51-b0fd-49b0-a2a9-ef6d2c43b1c8]  Added the event {
  event_type: 'LogCreated',
  logs: [
    {
      testFrameworkName: 'Playwright',
      testFrameworkVersion: '1.57.0',
      testFrameworkState: 'TEST',
      timestamp: '2025-12-13T16:57:03.654Z',
      uuid: '8f90ec9a-dda0-40e5-9943-eceafdce77ef',
      kind: 'TEST_STEP',
      message: 'Expect "toBeTruthy"',
      level: 'passed',
      fileName: '',
      fileSize: [Long],
      filePath: '',
      attachmentType: '',
      test_run_uuid: '8f90ec9a-dda0-40e5-9943-eceafdce77ef'
    },
    {
      testFrameworkName: 'Playwright',
      testFrameworkVersion: '1.57.0',
      testFrameworkState: 'TEST',
      timestamp: '2025-12-13T16:57:03.658Z',
      uuid: '8f90ec9a-dda0-40e5-9943-eceafdce77ef',
      kind: 'TEST_STEP',
      message: 'Expect "toBe"',
      level: 'passed',
      fileName: '',
      fileSize: [Long],
      filePath: '',
      attachmentType: '',
      test_run_uuid: '8f90ec9a-dda0-40e5-9943-eceafdce77ef'
    }
  ]
} to 69009:0
2025-12-13T16:57:03.682Z CLI info [testhub:request-queue-handler]  [bohdanhavryliv_akp5dR]  [gkbu9ccvzf63sycwspitc1llyghavigbm40s2nnk]  [bc41db51-b0fd-49b0-a2a9-ef6d2c43b1c8]  Added the event {
  event_type: 'TestRunStarted',
  logs: [],
  test_run: {
    type: 'test',
    framework: 'Playwright',
    uuid: '56a0a5b7-437f-4c47-b5dc-d7f2686e8c45',
    name: 'Login button is visible and correct',
    body: {
      lang: 'javascript',
      code: 'async () => {\n' +
        '    (0, _test.expect)(await pageObject.header.isLoginButtonVisible()).toBeTruthy();\n' +
        '    const text = await pageObject.header.getLoginButtonText();\n' +
        "    (0, _test.expect)(text === null || text === void 0 ? void 0 : text.trim()).toBe('Увійти');\n" +
        '  }'
    },
    identifier: 'Login button is visible and correct',
    scope: 'Login button is visible and correct',
    scopes: [ 'FopHELP header' ],
    custom_metadata: undefined,
    file_name: 'tests/header.spec.ts',
    vc_filepath: 'lesson19/tests/header.spec.ts',
    location: 'tests/header.spec.ts',
    result: 'pending',
    duration_in_ms: null,
    started_at: '2025-12-13T16:57:03.675Z',
    failure: undefined,
    failure_type: undefined,
    failure_reason: null,
    retry_of: null,
    tags: [],
    customRerunParam: {
      rerun_name: ' chromium header.spec.ts FopHELP header Login button is visible and correct'
    },
    hooks: [],
    product_map: {
      observability: true,
      accessibility: false,
      percy: false,
      automate: true,
      app_automate: false
    }
  }
} to 69009:0
2025-12-13T16:57:03.682Z CLI info [testhub:request-queue-handler]  [bohdanhavryliv_akp5dR]  [gkbu9ccvzf63sycwspitc1llyghavigbm40s2nnk]  [bc41db51-b0fd-49b0-a2a9-ef6d2c43b1c8]  Added the event {
  event_type: 'TestRunFinished',
  logs: [],
  test_run: {
    type: 'test',
    framework: 'Playwright',
    uuid: '8f90ec9a-dda0-40e5-9943-eceafdce77ef',
    name: 'Register button is visible and correct',
    body: {
      lang: 'javascript',
      code: 'async () => {\n' +
        '    (0, _test.expect)(await pageObject.header.isRegisterButtonVisible()).toBeTruthy();\n' +
        '    const text = await pageObject.header.getRegisterButtonText();\n' +
        "    (0, _test.expect)(text === null || text === void 0 ? void 0 : text.trim()).toBe('Реєстрація');\n" +
        '  }'
    },
    identifier: 'Register button is visible and correct',
    scope: 'Register button is visible and correct',
    scopes: [ 'FopHELP header' ],
    custom_metadata: {},
    file_name: 'tests/header.spec.ts',
    vc_filepath: 'lesson19/tests/header.spec.ts',
    location: 'tests/header.spec.ts',
    result: 'passed',
    duration_in_ms: 593,
    started_at: '2025-12-13T16:57:02.944Z',
    finished_at: '2025-12-13T16:57:03.537Z',
    failure: null,
    failure_type: undefined,
    failure_reason: null,
    retry_of: null,
    tags: [],
    customRerunParam: {
      rerun_name: ' chromium header.spec.ts FopHELP header Register button is visible and correct'
    },
    hooks: [ '73a887cb-5a4e-4c14-adac-c4ed71a3ad86' ],
    product_map: {
      observability: true,
      accessibility: false,
      percy: false,
      automate: true,
      app_automate: false
    }
  }
} to 69009:0
2025-12-13T16:57:03.685Z CLI info [testhub:request-queue-handler]  [bohdanhavryliv_akp5dR]  [gkbu9ccvzf63sycwspitc1llyghavigbm40s2nnk]  [bc41db51-b0fd-49b0-a2a9-ef6d2c43b1c8]  Added the event {
  event_type: 'HookRunStarted',
  hook_run: {
    type: 'hook',
    hook_type: 'BEFORE_EACH',
    framework: 'Playwright',
    uuid: '3f97d292-7c71-4cc9-b9d4-a67e7d3f2fc1',
    name: 'beforeEach hook',
    result: 'pending',
    test_run_id: '56a0a5b7-437f-4c47-b5dc-d7f2686e8c45',
    body: { lang: 'node', code: null },
    scope: 'Login button is visible and correct',
    custom_metadata: {},
    tags: [],
    scopes: [ 'FopHELP header' ],
    file_name: '/Users/macbodya/my-first-repo/lesson19/tests/header.spec.ts:27',
    location: '/Users/macbodya/my-first-repo/lesson19/tests/header.spec.ts:27',
    vc_filepath: '/Users/macbodya/my-first-repo/lesson19/tests/header.spec.ts:27',
    started_at: '2025-12-13T16:57:03.684Z'
  }
} to 69009:0
2025-12-13T16:57:03.742Z CLI warn [TEST REPORTING AND ANALYTICS:node]  [bohdanhavryliv_akp5dR]  [gkbu9ccvzf63sycwspitc1llyghavigbm40s2nnk]  [bc41db51-b0fd-49b0-a2a9-ef6d2c43b1c8]  onTestSessionEvent: empty platform for driver=6817d980bf4dc047988b8f40435ea99fb588f847252efccd100ae9fe12100e72 platform={}
2025-12-13T16:57:03.773Z CLI warn [TEST REPORTING AND ANALYTICS:node]  [bohdanhavryliv_akp5dR]  [gkbu9ccvzf63sycwspitc1llyghavigbm40s2nnk]  [bc41db51-b0fd-49b0-a2a9-ef6d2c43b1c8]  onTestSessionEvent: empty platform for driver=5795730d156a0e7b44a7dc8a86bec49c21461979508d8238c50dbfd368a9202a platform={}
2025-12-13T16:57:03.782Z CLI info [TEST REPORTING AND ANALYTICS:node]  [bohdanhavryliv_akp5dR]  [gkbu9ccvzf63sycwspitc1llyghavigbm40s2nnk]  [bc41db51-b0fd-49b0-a2a9-ef6d2c43b1c8]  onLogCreatedEvent: LogCreated promise={}
2025-12-13T16:57:03.782Z CLI info [testhub:request-queue-handler]  [bohdanhavryliv_akp5dR]  [gkbu9ccvzf63sycwspitc1llyghavigbm40s2nnk]  [bc41db51-b0fd-49b0-a2a9-ef6d2c43b1c8]  Added the event {
  event_type: 'LogCreated',
  logs: [
    {
      testFrameworkName: 'Playwright',
      testFrameworkVersion: '1.57.0',
      testFrameworkState: 'TEST',
      timestamp: '2025-12-13T16:57:03.670Z',
      uuid: '499440b7-4c9e-44eb-bbf4-2751b63e46b2',
      kind: 'TEST_STEP',
      message: `Click locator('nav.main-navigation').locator('button:has-text("Звіти")')`,
      level: 'passed',
      fileName: '',
      fileSize: [Long],
      filePath: '',
      attachmentType: '',
      test_run_uuid: '499440b7-4c9e-44eb-bbf4-2751b63e46b2'
    },
    {
      testFrameworkName: 'Playwright',
      testFrameworkVersion: '1.57.0',
      testFrameworkState: 'TEST',
      timestamp: '2025-12-13T16:57:03.766Z',
      uuid: '499440b7-4c9e-44eb-bbf4-2751b63e46b2',
      kind: 'TEST_STEP',
      message: 'Expect "toEqual"',
      level: 'passed',
      fileName: '',
      fileSize: [Long],
      filePath: '',
      attachmentType: '',
      test_run_uuid: '499440b7-4c9e-44eb-bbf4-2751b63e46b2'
    }
  ]
} to 69009:0
2025-12-13T16:57:03.783Z CLI info [testhub:request-queue-handler]  [bohdanhavryliv_akp5dR]  [gkbu9ccvzf63sycwspitc1llyghavigbm40s2nnk]  [bc41db51-b0fd-49b0-a2a9-ef6d2c43b1c8]  Added the event {
  event_type: 'TestRunFinished',
  logs: [],
  test_run: {
    type: 'test',
    framework: 'Playwright',
    uuid: '499440b7-4c9e-44eb-bbf4-2751b63e46b2',
    name: 'Reports dropdown has correct options',
    body: {
      lang: 'javascript',
      code: 'async () => {\n' +
        '    await pageObject.navigationMenu.openReportsDropdown();\n' +
        '    const options = await pageObject.navigationMenu.getReportsOptionsText();\n' +
        "    (0, _test.expect)(options).toEqual(['Усі', 'Поточні', 'Подані']);\n" +
        '  }'
    },
    identifier: 'Reports dropdown has correct options',
    scope: 'Reports dropdown has correct options',
    scopes: [ 'FopHELP navigation menu' ],
    custom_metadata: {},
    file_name: 'tests/navigation.menu.spec.ts',
    vc_filepath: 'lesson19/tests/navigation.menu.spec.ts',
    location: 'tests/navigation.menu.spec.ts',
    result: 'passed',
    duration_in_ms: 657,
    started_at: '2025-12-13T16:57:02.990Z',
    finished_at: '2025-12-13T16:57:03.647Z',
    failure: null,
    failure_type: undefined,
    failure_reason: null,
    retry_of: null,
    tags: [],
    customRerunParam: {
      rerun_name: ' chromium navigation.menu.spec.ts FopHELP navigation menu Reports dropdown has correct options'
    },
    hooks: [ '7a4c068a-b99a-4ff6-8cee-ec146a70463f' ],
    product_map: {
      observability: true,
      accessibility: false,
      percy: false,
      automate: true,
      app_automate: false
    }
  }
} to 69009:0
2025-12-13T16:57:04.204Z CLI info [testhub:request-queue-handler]  [bohdanhavryliv_akp5dR]  [gkbu9ccvzf63sycwspitc1llyghavigbm40s2nnk]  [bc41db51-b0fd-49b0-a2a9-ef6d2c43b1c8]  Processing batch event [
  {
    event_type: 'LogCreated',
    logs: [ [Object], [Object], [Object], [Object] ]
  },
  {
    event_type: 'TestRunFinished',
    logs: [],
    test_run: {
      type: 'test',
      framework: 'Playwright',
      uuid: '29f2a77d-d723-4c5a-a72e-8452f5d2c524',
      name: 'Title is correct',
      body: [Object],
      identifier: 'Title is correct',
      scope: 'Title is correct',
      scopes: [Array],
      custom_metadata: {},
      file_name: 'tests/header.spec.ts',
      vc_filepath: 'lesson19/tests/header.spec.ts',
      location: 'tests/header.spec.ts',
      result: 'failed',
      duration_in_ms: 622,
      started_at: '2025-12-13T16:57:01.544Z',
      finished_at: '2025-12-13T16:57:02.166Z',
      failure: [Array],
      failure_type: 'UnhandledError',
      failure_reason: null,
      retry_of: null,
      tags: [],
      customRerunParam: [Object],
      hooks: [Array],
      product_map: [Object]
    }
  },
  {
    event_type: 'LogCreated',
    logs: [ [Object], [Object], [Object], [Object], [Object] ]
  },
  {
    event_type: 'TestRunFinished',
    logs: [],
    test_run: {
      type: 'test',
      framework: 'Playwright',
      uuid: 'ded8a310-a969-414a-886e-327dea2ded20',
      name: 'Taxes dropdown has correct options',
      body: [Object],
      identifier: 'Taxes dropdown has correct options',
      scope: 'Taxes dropdown has correct options',
      scopes: [Array],
      custom_metadata: {},
      file_name: 'tests/navigation.menu.spec.ts',
      vc_filepath: 'lesson19/tests/navigation.menu.spec.ts',
      location: 'tests/navigation.menu.spec.ts',
      result: 'failed',
      duration_in_ms: 698,
      started_at: '2025-12-13T16:57:01.556Z',
      finished_at: '2025-12-13T16:57:02.254Z',
      failure: [Array],
      failure_type: 'UnhandledError',
      failure_reason: null,
      retry_of: null,
      tags: [],
      customRerunParam: [Object],
      hooks: [Array],
      product_map: [Object]
    }
  },
  {
    event_type: 'TestRunStarted',
    logs: [],
    test_run: {
      type: 'test',
      framework: 'Playwright',
      uuid: '8f90ec9a-dda0-40e5-9943-eceafdce77ef',
      name: 'Register button is visible and correct',
      body: [Object],
      identifier: 'Register button is visible and correct',
      scope: 'Register button is visible and correct',
      scopes: [Array],
      custom_metadata: undefined,
      file_name: 'tests/header.spec.ts',
      vc_filepath: 'lesson19/tests/header.spec.ts',
      location: 'tests/header.spec.ts',
      result: 'pending',
      duration_in_ms: null,
      started_at: '2025-12-13T16:57:02.944Z',
      failure: undefined,
      failure_type: undefined,
      failure_reason: null,
      retry_of: null,
      tags: [],
      customRerunParam: [Object],
      hooks: [],
      product_map: [Object]
    }
  },
  {
    event_type: 'HookRunStarted',
    hook_run: {
      type: 'hook',
      hook_type: 'BEFORE_EACH',
      framework: 'Playwright',
      uuid: '73a887cb-5a4e-4c14-adac-c4ed71a3ad86',
      name: 'beforeEach hook',
      result: 'pending',
      test_run_id: '8f90ec9a-dda0-40e5-9943-eceafdce77ef',
      body: [Object],
      scope: 'Register button is visible and correct',
      custom_metadata: {},
      tags: [],
      scopes: [Array],
      file_name: '/Users/macbodya/my-first-repo/lesson19/tests/header.spec.ts:21',
      location: '/Users/macbodya/my-first-repo/lesson19/tests/header.spec.ts:21',
      vc_filepath: '/Users/macbodya/my-first-repo/lesson19/tests/header.spec.ts:21',
      started_at: '2025-12-13T16:57:02.946Z'
    }
  },
  {
    event_type: 'TestRunStarted',
    logs: [],
    test_run: {
      type: 'test',
      framework: 'Playwright',
      uuid: '499440b7-4c9e-44eb-bbf4-2751b63e46b2',
      name: 'Reports dropdown has correct options',
      body: [Object],
      identifier: 'Reports dropdown has correct options',
      scope: 'Reports dropdown has correct options',
      scopes: [Array],
      custom_metadata: undefined,
      file_name: 'tests/navigation.menu.spec.ts',
      vc_filepath: 'lesson19/tests/navigation.menu.spec.ts',
      location: 'tests/navigation.menu.spec.ts',
      result: 'pending',
      duration_in_ms: null,
      started_at: '2025-12-13T16:57:02.990Z',
      failure: undefined,
      failure_type: undefined,
      failure_reason: null,
      retry_of: null,
      tags: [],
      customRerunParam: [Object],
      hooks: [],
      product_map: [Object]
    }
  },
  {
    event_type: 'HookRunStarted',
    hook_run: {
      type: 'hook',
      hook_type: 'BEFORE_EACH',
      framework: 'Playwright',
      uuid: '7a4c068a-b99a-4ff6-8cee-ec146a70463f',
      name: 'beforeEach hook',
      result: 'pending',
      test_run_id: '499440b7-4c9e-44eb-bbf4-2751b63e46b2',
      body: [Object],
      scope: 'Reports dropdown has correct options',
      custom_metadata: {},
      tags: [],
      scopes: [Array],
      file_name: '/Users/macbodya/my-first-repo/lesson19/tests/navigation.menu.spec.ts:25',
      location: '/Users/macbodya/my-first-repo/lesson19/tests/navigation.menu.spec.ts:25',
      vc_filepath: '/Users/macbodya/my-first-repo/lesson19/tests/navigation.menu.spec.ts:25',
      started_at: '2025-12-13T16:57:02.992Z'
    }
  },
  {
    event_type: 'LogCreated',
    logs: [
      [Object], [Object],
      [Object], [Object],
      [Object], [Object],
      [Object], [Object],
      [Object]
    ]
  },
  {
    event_type: 'HookRunFinished',
    hook_run: {
      type: 'hook',
      hook_type: 'BEFORE_EACH',
      framework: 'Playwright',
      uuid: '73a887cb-5a4e-4c14-adac-c4ed71a3ad86',
      name: 'beforeEach hook',
      result: 'passed',
      test_run_id: '8f90ec9a-dda0-40e5-9943-eceafdce77ef',
      body: [Object],
      scope: 'Register button is visible and correct',
      custom_metadata: {},
      tags: [],
      scopes: [Array],
      file_name: '/Users/macbodya/my-first-repo/lesson19/tests/header.spec.ts:21',
      location: '/Users/macbodya/my-first-repo/lesson19/tests/header.spec.ts:21',
      vc_filepath: '/Users/macbodya/my-first-repo/lesson19/tests/header.spec.ts:21',
      started_at: '2025-12-13T16:57:02.946Z',
      finished_at: '2025-12-13T16:57:03.620Z'
    }
  },
  {
    event_type: 'LogCreated',
    logs: [
      [Object], [Object],
      [Object], [Object],
      [Object], [Object],
      [Object], [Object],
      [Object]
    ]
  },
  {
    event_type: 'HookRunFinished',
    hook_run: {
      type: 'hook',
      hook_type: 'BEFORE_EACH',
      framework: 'Playwright',
      uuid: '7a4c068a-b99a-4ff6-8cee-ec146a70463f',
      name: 'beforeEach hook',
      result: 'passed',
      test_run_id: '499440b7-4c9e-44eb-bbf4-2751b63e46b2',
      body: [Object],
      scope: 'Reports dropdown has correct options',
      custom_metadata: {},
      tags: [],
      scopes: [Array],
      file_name: '/Users/macbodya/my-first-repo/lesson19/tests/navigation.menu.spec.ts:25',
      location: '/Users/macbodya/my-first-repo/lesson19/tests/navigation.menu.spec.ts:25',
      vc_filepath: '/Users/macbodya/my-first-repo/lesson19/tests/navigation.menu.spec.ts:25',
      started_at: '2025-12-13T16:57:02.992Z',
      finished_at: '2025-12-13T16:57:03.666Z'
    }
  },
  { event_type: 'LogCreated', logs: [ [Object], [Object] ] },
  {
    event_type: 'TestRunStarted',
    logs: [],
    test_run: {
      type: 'test',
      framework: 'Playwright',
      uuid: '56a0a5b7-437f-4c47-b5dc-d7f2686e8c45',
      name: 'Login button is visible and correct',
      body: [Object],
      identifier: 'Login button is visible and correct',
      scope: 'Login button is visible and correct',
      scopes: [Array],
      custom_metadata: undefined,
      file_name: 'tests/header.spec.ts',
      vc_filepath: 'lesson19/tests/header.spec.ts',
      location: 'tests/header.spec.ts',
      result: 'pending',
      duration_in_ms: null,
      started_at: '2025-12-13T16:57:03.675Z',
      failure: undefined,
      failure_type: undefined,
      failure_reason: null,
      retry_of: null,
      tags: [],
      customRerunParam: [Object],
      hooks: [],
      product_map: [Object]
    }
  },
  {
    event_type: 'TestRunFinished',
    logs: [],
    test_run: {
      type: 'test',
      framework: 'Playwright',
      uuid: '8f90ec9a-dda0-40e5-9943-eceafdce77ef',
      name: 'Register button is visible and correct',
      body: [Object],
      identifier: 'Register button is visible and correct',
      scope: 'Register button is visible and correct',
      scopes: [Array],
      custom_metadata: {},
      file_name: 'tests/header.spec.ts',
      vc_filepath: 'lesson19/tests/header.spec.ts',
      location: 'tests/header.spec.ts',
      result: 'passed',
      duration_in_ms: 593,
      started_at: '2025-12-13T16:57:02.944Z',
      finished_at: '2025-12-13T16:57:03.537Z',
      failure: null,
      failure_type: undefined,
      failure_reason: null,
      retry_of: null,
      tags: [],
      customRerunParam: [Object],
      hooks: [Array],
      product_map: [Object]
    }
  },
  {
    event_type: 'HookRunStarted',
    hook_run: {
      type: 'hook',
      hook_type: 'BEFORE_EACH',
      framework: 'Playwright',
      uuid: '3f97d292-7c71-4cc9-b9d4-a67e7d3f2fc1',
      name: 'beforeEach hook',
      result: 'pending',
      test_run_id: '56a0a5b7-437f-4c47-b5dc-d7f2686e8c45',
      body: [Object],
      scope: 'Login button is visible and correct',
      custom_metadata: {},
      tags: [],
      scopes: [Array],
      file_name: '/Users/macbodya/my-first-repo/lesson19/tests/header.spec.ts:27',
      location: '/Users/macbodya/my-first-repo/lesson19/tests/header.spec.ts:27',
      vc_filepath: '/Users/macbodya/my-first-repo/lesson19/tests/header.spec.ts:27',
      started_at: '2025-12-13T16:57:03.684Z'
    }
  },
  { event_type: 'LogCreated', logs: [ [Object], [Object] ] },
  {
    event_type: 'TestRunFinished',
    logs: [],
    test_run: {
      type: 'test',
      framework: 'Playwright',
      uuid: '499440b7-4c9e-44eb-bbf4-2751b63e46b2',
      name: 'Reports dropdown has correct options',
      body: [Object],
      identifier: 'Reports dropdown has correct options',
      scope: 'Reports dropdown has correct options',
      scopes: [Array],
      custom_metadata: {},
      file_name: 'tests/navigation.menu.spec.ts',
      vc_filepath: 'lesson19/tests/navigation.menu.spec.ts',
      location: 'tests/navigation.menu.spec.ts',
      result: 'passed',
      duration_in_ms: 657,
      started_at: '2025-12-13T16:57:02.990Z',
      finished_at: '2025-12-13T16:57:03.647Z',
      failure: null,
      failure_type: undefined,
      failure_reason: null,
      retry_of: null,
      tags: [],
      customRerunParam: [Object],
      hooks: [Array],
      product_map: [Object]
    }
  }
] to 69009:0
2025-12-13T16:57:04.211Z CLI info [TEST REPORTING AND ANALYTICS:node]  [bohdanhavryliv_akp5dR]  [gkbu9ccvzf63sycwspitc1llyghavigbm40s2nnk]  [bc41db51-b0fd-49b0-a2a9-ef6d2c43b1c8]  onLogCreatedEvent: LogCreated promise={}
2025-12-13T16:57:04.212Z CLI info [testhub:request-queue-handler]  [bohdanhavryliv_akp5dR]  [gkbu9ccvzf63sycwspitc1llyghavigbm40s2nnk]  [bc41db51-b0fd-49b0-a2a9-ef6d2c43b1c8]  Added the event {
  event_type: 'LogCreated',
  logs: [
    {
      testFrameworkName: 'Playwright',
      testFrameworkVersion: '1.57.0',
      testFrameworkState: 'BEFORE_EACH',
      timestamp: '2025-12-13T16:57:03.686Z',
      uuid: '3f97d292-7c71-4cc9-b9d4-a67e7d3f2fc1',
      kind: 'TEST_STEP',
      message: 'Fixture "__browserstack_testHook"',
      level: 'passed',
      fileName: '',
      fileSize: [Long],
      filePath: '',
      attachmentType: '',
      hook_run_uuid: '3f97d292-7c71-4cc9-b9d4-a67e7d3f2fc1'
    },
    {
      testFrameworkName: 'Playwright',
      testFrameworkVersion: '1.57.0',
      testFrameworkState: 'BEFORE_EACH',
      timestamp: '2025-12-13T16:57:03.687Z',
      uuid: '3f97d292-7c71-4cc9-b9d4-a67e7d3f2fc1',
      kind: 'TEST_STEP',
      message: 'Create context',
      level: 'passed',
      fileName: '',
      fileSize: [Long],
      filePath: '',
      attachmentType: '',
      hook_run_uuid: '3f97d292-7c71-4cc9-b9d4-a67e7d3f2fc1'
    },
    {
      testFrameworkName: 'Playwright',
      testFrameworkVersion: '1.57.0',
      testFrameworkState: 'BEFORE_EACH',
      timestamp: '2025-12-13T16:57:03.692Z',
      uuid: '3f97d292-7c71-4cc9-b9d4-a67e7d3f2fc1',
      kind: 'TEST_STEP',
      message: 'Fixture "context"',
      level: 'passed',
      fileName: '',
      fileSize: [Long],
      filePath: '',
      attachmentType: '',
      hook_run_uuid: '3f97d292-7c71-4cc9-b9d4-a67e7d3f2fc1'
    },
    {
      testFrameworkName: 'Playwright',
      testFrameworkVersion: '1.57.0',
      testFrameworkState: 'BEFORE_EACH',
      timestamp: '2025-12-13T16:57:03.693Z',
      uuid: '3f97d292-7c71-4cc9-b9d4-a67e7d3f2fc1',
      kind: 'TEST_STEP',
      message: 'Create page',
      level: 'passed',
      fileName: '',
      fileSize: [Long],
      filePath: '',
      attachmentType: '',
      hook_run_uuid: '3f97d292-7c71-4cc9-b9d4-a67e7d3f2fc1'
    },
    {
      testFrameworkName: 'Playwright',
      testFrameworkVersion: '1.57.0',
      testFrameworkState: 'BEFORE_EACH',
      timestamp: '2025-12-13T16:57:03.743Z',
      uuid: '3f97d292-7c71-4cc9-b9d4-a67e7d3f2fc1',
      kind: 'TEST_STEP',
      message: 'Evaluate',
      level: 'passed',
      fileName: '',
      fileSize: [Long],
      filePath: '',
      attachmentType: '',
      hook_run_uuid: '3f97d292-7c71-4cc9-b9d4-a67e7d3f2fc1'
    },
    {
      testFrameworkName: 'Playwright',
      testFrameworkVersion: '1.57.0',
      testFrameworkState: 'BEFORE_EACH',
      timestamp: '2025-12-13T16:57:03.745Z',
      uuid: '3f97d292-7c71-4cc9-b9d4-a67e7d3f2fc1',
      kind: 'TEST_STEP',
      message: 'Navigate to "/"',
      level: 'passed',
      fileName: '',
      fileSize: [Long],
      filePath: '',
      attachmentType: '',
      hook_run_uuid: '3f97d292-7c71-4cc9-b9d4-a67e7d3f2fc1'
    }
  ]
} to 69009:0
2025-12-13T16:57:04.213Z CLI info [testhub:request-queue-handler]  [bohdanhavryliv_akp5dR]  [gkbu9ccvzf63sycwspitc1llyghavigbm40s2nnk]  [bc41db51-b0fd-49b0-a2a9-ef6d2c43b1c8]  Added the event {
  event_type: 'HookRunFinished',
  hook_run: {
    type: 'hook',
    hook_type: 'BEFORE_EACH',
    framework: 'Playwright',
    uuid: '3f97d292-7c71-4cc9-b9d4-a67e7d3f2fc1',
    name: 'beforeEach hook',
    result: 'passed',
    test_run_id: '56a0a5b7-437f-4c47-b5dc-d7f2686e8c45',
    body: { lang: 'node', code: null },
    scope: 'Login button is visible and correct',
    custom_metadata: {},
    tags: [],
    scopes: [ 'FopHELP header' ],
    file_name: '/Users/macbodya/my-first-repo/lesson19/tests/header.spec.ts:27',
    location: '/Users/macbodya/my-first-repo/lesson19/tests/header.spec.ts:27',
    vc_filepath: '/Users/macbodya/my-first-repo/lesson19/tests/header.spec.ts:27',
    started_at: '2025-12-13T16:57:03.684Z',
    finished_at: '2025-12-13T16:57:04.209Z'
  }
} to 69009:0
2025-12-13T16:57:04.263Z CLI warn [TEST REPORTING AND ANALYTICS:node]  [bohdanhavryliv_akp5dR]  [gkbu9ccvzf63sycwspitc1llyghavigbm40s2nnk]  [bc41db51-b0fd-49b0-a2a9-ef6d2c43b1c8]  onTestSessionEvent: empty platform for driver=6817d980bf4dc047988b8f40435ea99fb588f847252efccd100ae9fe12100e72 platform={}
2025-12-13T16:57:04.285Z CLI info [TEST REPORTING AND ANALYTICS:node]  [bohdanhavryliv_akp5dR]  [gkbu9ccvzf63sycwspitc1llyghavigbm40s2nnk]  [bc41db51-b0fd-49b0-a2a9-ef6d2c43b1c8]  onLogCreatedEvent: LogCreated promise={}
2025-12-13T16:57:04.285Z CLI info [testhub:request-queue-handler]  [bohdanhavryliv_akp5dR]  [gkbu9ccvzf63sycwspitc1llyghavigbm40s2nnk]  [bc41db51-b0fd-49b0-a2a9-ef6d2c43b1c8]  Added the event {
  event_type: 'LogCreated',
  logs: [
    {
      testFrameworkName: 'Playwright',
      testFrameworkVersion: '1.57.0',
      testFrameworkState: 'TEST',
      timestamp: '2025-12-13T16:57:04.244Z',
      uuid: '56a0a5b7-437f-4c47-b5dc-d7f2686e8c45',
      kind: 'TEST_STEP',
      message: 'Expect "toBeTruthy"',
      level: 'passed',
      fileName: '',
      fileSize: [Long],
      filePath: '',
      attachmentType: '',
      test_run_uuid: '56a0a5b7-437f-4c47-b5dc-d7f2686e8c45'
    },
    {
      testFrameworkName: 'Playwright',
      testFrameworkVersion: '1.57.0',
      testFrameworkState: 'TEST',
      timestamp: '2025-12-13T16:57:04.246Z',
      uuid: '56a0a5b7-437f-4c47-b5dc-d7f2686e8c45',
      kind: 'TEST_STEP',
      message: 'Expect "toBe"',
      level: 'passed',
      fileName: '',
      fileSize: [Long],
      filePath: '',
      attachmentType: '',
      test_run_uuid: '56a0a5b7-437f-4c47-b5dc-d7f2686e8c45'
    },
    {
      testFrameworkName: 'Playwright',
      testFrameworkVersion: '1.57.0',
      testFrameworkState: 'TEST',
      timestamp: '2025-12-13T16:57:04.269Z',
      uuid: '56a0a5b7-437f-4c47-b5dc-d7f2686e8c45',
      kind: 'TEST_STEP',
      message: 'Fixture "browser"',
      level: 'passed',
      fileName: '',
      fileSize: [Long],
      filePath: '',
      attachmentType: '',
      test_run_uuid: '56a0a5b7-437f-4c47-b5dc-d7f2686e8c45'
    },
    {
      testFrameworkName: 'Playwright',
      testFrameworkVersion: '1.57.0',
      testFrameworkState: 'TEST',
      timestamp: '2025-12-13T16:57:04.269Z',
      uuid: '56a0a5b7-437f-4c47-b5dc-d7f2686e8c45',
      kind: 'TEST_STEP',
      message: 'Fixture "browser"',
      level: 'passed',
      fileName: '',
      fileSize: [Long],
      filePath: '',
      attachmentType: '',
      test_run_uuid: '56a0a5b7-437f-4c47-b5dc-d7f2686e8c45'
    },
    {
      testFrameworkName: 'Playwright',
      testFrameworkVersion: '1.57.0',
      testFrameworkState: 'TEST',
      timestamp: '2025-12-13T16:57:04.282Z',
      uuid: '56a0a5b7-437f-4c47-b5dc-d7f2686e8c45',
      kind: 'TEST_STEP',
      message: 'Fixture "__browserstack_workerHook"',
      level: 'passed',
      fileName: '',
      fileSize: [Long],
      filePath: '',
      attachmentType: '',
      test_run_uuid: '56a0a5b7-437f-4c47-b5dc-d7f2686e8c45'
    }
  ]
} to 69009:0
2025-12-13T16:57:04.287Z CLI info [testhub:request-queue-handler]  [bohdanhavryliv_akp5dR]  [gkbu9ccvzf63sycwspitc1llyghavigbm40s2nnk]  [bc41db51-b0fd-49b0-a2a9-ef6d2c43b1c8]  Added the event {
  event_type: 'TestRunFinished',
  logs: [],
  test_run: {
    type: 'test',
    framework: 'Playwright',
    uuid: '56a0a5b7-437f-4c47-b5dc-d7f2686e8c45',
    name: 'Login button is visible and correct',
    body: {
      lang: 'javascript',
      code: 'async () => {\n' +
        '    (0, _test.expect)(await pageObject.header.isLoginButtonVisible()).toBeTruthy();\n' +
        '    const text = await pageObject.header.getLoginButtonText();\n' +
        "    (0, _test.expect)(text === null || text === void 0 ? void 0 : text.trim()).toBe('Увійти');\n" +
        '  }'
    },
    identifier: 'Login button is visible and correct',
    scope: 'Login button is visible and correct',
    scopes: [ 'FopHELP header' ],
    custom_metadata: {},
    file_name: 'tests/header.spec.ts',
    vc_filepath: 'lesson19/tests/header.spec.ts',
    location: 'tests/header.spec.ts',
    result: 'failed',
    duration_in_ms: 578,
    started_at: '2025-12-13T16:57:03.675Z',
    finished_at: '2025-12-13T16:57:04.253Z',
    failure: [ [Object] ],
    failure_type: 'UnhandledError',
    failure_reason: null,
    retry_of: null,
    tags: [],
    customRerunParam: {
      rerun_name: ' chromium header.spec.ts FopHELP header Login button is visible and correct'
    },
    hooks: [ '3f97d292-7c71-4cc9-b9d4-a67e7d3f2fc1' ],
    product_map: {
      observability: true,
      accessibility: false,
      percy: false,
      automate: true,
      app_automate: false
    }
  }
} to 69009:0
2025-12-13T16:57:05.599Z CLI info  [bohdanhavryliv_akp5dR]  [gkbu9ccvzf63sycwspitc1llyghavigbm40s2nnk]  [bc41db51-b0fd-49b0-a2a9-ef6d2c43b1c8]  [PRODUCTION] Making POST request to https://collector-observability.browserstack.com
2025-12-13T16:57:06.206Z CLI info [testhub:request-queue-handler]  [bohdanhavryliv_akp5dR]  [gkbu9ccvzf63sycwspitc1llyghavigbm40s2nnk]  [bc41db51-b0fd-49b0-a2a9-ef6d2c43b1c8]  Processing batch event [
  {
    event_type: 'LogCreated',
    logs: [ [Object], [Object], [Object], [Object], [Object], [Object] ]
  },
  {
    event_type: 'HookRunFinished',
    hook_run: {
      type: 'hook',
      hook_type: 'BEFORE_EACH',
      framework: 'Playwright',
      uuid: '3f97d292-7c71-4cc9-b9d4-a67e7d3f2fc1',
      name: 'beforeEach hook',
      result: 'passed',
      test_run_id: '56a0a5b7-437f-4c47-b5dc-d7f2686e8c45',
      body: [Object],
      scope: 'Login button is visible and correct',
      custom_metadata: {},
      tags: [],
      scopes: [Array],
      file_name: '/Users/macbodya/my-first-repo/lesson19/tests/header.spec.ts:27',
      location: '/Users/macbodya/my-first-repo/lesson19/tests/header.spec.ts:27',
      vc_filepath: '/Users/macbodya/my-first-repo/lesson19/tests/header.spec.ts:27',
      started_at: '2025-12-13T16:57:03.684Z',
      finished_at: '2025-12-13T16:57:04.209Z'
    }
  },
  {
    event_type: 'LogCreated',
    logs: [ [Object], [Object], [Object], [Object], [Object] ]
  },
  {
    event_type: 'TestRunFinished',
    logs: [],
    test_run: {
      type: 'test',
      framework: 'Playwright',
      uuid: '56a0a5b7-437f-4c47-b5dc-d7f2686e8c45',
      name: 'Login button is visible and correct',
      body: [Object],
      identifier: 'Login button is visible and correct',
      scope: 'Login button is visible and correct',
      scopes: [Array],
      custom_metadata: {},
      file_name: 'tests/header.spec.ts',
      vc_filepath: 'lesson19/tests/header.spec.ts',
      location: 'tests/header.spec.ts',
      result: 'failed',
      duration_in_ms: 578,
      started_at: '2025-12-13T16:57:03.675Z',
      finished_at: '2025-12-13T16:57:04.253Z',
      failure: [Array],
      failure_type: 'UnhandledError',
      failure_reason: null,
      retry_of: null,
      tags: [],
      customRerunParam: [Object],
      hooks: [Array],
      product_map: [Object]
    }
  }
] to 69009:0
2025-12-13T16:57:06.649Z CLI info  [bohdanhavryliv_akp5dR]  [gkbu9ccvzf63sycwspitc1llyghavigbm40s2nnk]  [bc41db51-b0fd-49b0-a2a9-ef6d2c43b1c8]  [PRODUCTION] Making POST request to https://collector-observability.browserstack.com
2025-12-13T16:57:07.342Z CLI info  [bohdanhavryliv_akp5dR]  [gkbu9ccvzf63sycwspitc1llyghavigbm40s2nnk]  [bc41db51-b0fd-49b0-a2a9-ef6d2c43b1c8]  [PRODUCTION] Making PUT request to https://collector-observability.browserstack.com
2025-12-13T16:57:08.218Z CLI info [testhub:module]  [bohdanhavryliv_akp5dR]  [gkbu9ccvzf63sycwspitc1llyghavigbm40s2nnk]  [bc41db51-b0fd-49b0-a2a9-ef6d2c43b1c8]  stopBuild: gkbu9ccvzf63sycwspitc1llyghavigbm40s2nnk request={"finished_at":"2025-12-13T16:57:04.307Z","finished_metadata":[],"custom_metadata":{}} response={"data":""}
2025-12-13T16:57:08.221Z CLI info  [bohdanhavryliv_akp5dR]  [gkbu9ccvzf63sycwspitc1llyghavigbm40s2nnk]  [bc41db51-b0fd-49b0-a2a9-ef6d2c43b1c8]  [PRODUCTION] Making POST request to https://api.browserstack.com
2025-12-13T16:57:08.224Z CLI info [TEST REPORTING AND ANALYTICS:module]  [bohdanhavryliv_akp5dR]  [gkbu9ccvzf63sycwspitc1llyghavigbm40s2nnk]  [bc41db51-b0fd-49b0-a2a9-ef6d2c43b1c8]  Visit https://automation.browserstack.com/builds/gkbu9ccvzf63sycwspitc1llyghavigbm40s2nnk to view build report, insights, and many more debugging information all at one place!
2025-12-13T16:57:10.775Z CLI info  [bohdanhavryliv_akp5dR]  [gkbu9ccvzf63sycwspitc1llyghavigbm40s2nnk]  [bc41db51-b0fd-49b0-a2a9-ef6d2c43b1c8]  [PRODUCTION] Making GET request to https://api.browserstack.com
2025-12-13T16:57:11.080Z CLI info  [bohdanhavryliv_akp5dR]  [gkbu9ccvzf63sycwspitc1llyghavigbm40s2nnk]  [bc41db51-b0fd-49b0-a2a9-ef6d2c43b1c8]  [PRODUCTION] Making POST request to https://eds.browserstack.com
2025-12-13T16:57:17.430Z CLI info [main]  [bohdanhavryliv_akp5dR]  [gkbu9ccvzf63sycwspitc1llyghavigbm40s2nnk]  [bc41db51-b0fd-49b0-a2a9-ef6d2c43b1c8]  Received graceful signal termination, performing cleanup
